canon_hash,group_size,representative_kept,collapsed_ids
952138a981e7d0b81e3c621f3dea381e1c3c74b4d89a656b18bd0ce9df308f03,241,31,71;108;113;120;151;298;324;341;443;460;466;468;476;525;828;898;978;1082;1363;1457;1469;2042;2049;2053;2062;2072;2342;2348;2367;2377;2427;2448;2453;2498;2552;2655;2675;2765;2793;2813;3022;3029;3047;3048;3110;3174;3420;3558;3613;3676;3733;3826;3837;3863;3886;3887;3908;3999;4187;4200;4208;4239;4262;4307;4366;4382;4390;4439;4512;4770;4914;5040;5084;5098;5115;5136;5139;5141;5221;5320;5381;5479;5903;5964;5997;6042;6073;6111;6264;6401;6589;6648;6659;6884;6892;7266;7397;7437;7458;7524;7574;7601;7631;7658;7671;7724;7825;7858;7951;8070;8089;8100;8185;8233;8434;8570;8670;8702;8766;9157;9239;9302;9517;9591;9655;9663;9766;9793;9802;9825;9826;9865;9913;10070;10152;10264;10286;10319;10327;10330;10365;10414;10462;10501;10556;10572;10582;10608;10680;10682;10722;10920;10943;10977;11009;11016;11042;11196;11242;11309;11381;11981;11995;12445;12620;13390;13593;13681;13693;13805;13820;13847;13965;14057;14078;14293;14331;14796;14843;14917;15300;15458;15533;15633;15792;15800;15926;15951;15969;15983;15986;16121;16192;16447;16530;16615;16630;16643;16677;16816;16838;16940;16955;17047;17286;17333;17362;17383;17415;17472;17528;17541;17571;17609;17665;17711;17840;17901;18184;18225;18698;18736;18770;18922;18957;18982;19044;19096;19115;19333;19445;19574;19605;19660;19679;19776;19808;19876;19890;19938
452b37a737d6cebd99b83fd05f3aec79577f520aa74c04da8b4de3cfece693ca,164,401,785;920;1108;1118;1294;1737;1839;1917;1930;2015;2291;2352;2934;3037;3202;3247;3492;3578;3719;3732;3927;4090;4177;4316;4443;4448;4560;4582;4597;4742;4963;5003;5100;5355;5630;5691;5722;5816;5892;6183;6649;6709;6962;6978;7168;7373;7635;8093;8119;8205;8213;8497;8574;8615;8808;8874;8888;8917;8924;9089;9122;9355;9385;9406;9433;9671;10514;10578;10886;11174;11248;11430;11443;11469;11479;11497;11577;11588;11665;11721;11745;11899;12016;12043;12218;12228;12266;12472;12498;12542;12611;12743;12893;12995;13003;13182;13187;13296;13306;13501;13872;14362;14448;14676;14832;14904;14936;15013;15015;15037;15102;15217;15266;15279;15330;15416;15459;15645;15685;15735;15766;15828;16025;16074;16323;16349;16368;16444;16522;16552;16586;16701;16813;16930;16956;17405;17627;17768;17817;17834;17954;17990;18269;18272;18431;18545;18572;18602;18939;19185;19241;19688;19855;19897;20049;20096;20105;20180;20211;20245;20256;20320;20456
79ad3cea57d65967b79ed0492a00d9b756a35b8c7650f2b369136300a19536ba,84,186,200;451;531;774;1367;1523;1960;1967;2112;2141;2143;2150;2254;2488;2531;3398;3618;3623;3841;4708;4786;4866;5395;5492;5732;5787;5942;5972;6113;6127;6313;6583;6610;6765;6958;6966;6982;6994;7065;7079;7738;8073;8159;8441;8522;8532;8671;9186;9199;9273;9900;10184;10517;11407;11711;11804;12075;12079;12166;12259;12632;12911;12953;12960;13788;13984;14315;14990;15707;15984;16161;16550;16689;16716;16921;17011;17267;17535;18086;18186;18693;18951;19352
fc6b411bdbaeae38d1fcb74a2cbd842c708727b2884727bcb44facf012b1c195,64,252,447;592;710;810;975;1943;2333;3004;3519;3695;3739;3791;4182;4629;4687;4846;4998;5232;5308;5466;5988;6008;6287;6386;6413;6771;7098;7536;7736;7970;7973;8386;8433;8480;8493;9256;9261;10094;10272;10318;10344;10379;10533;10679;10856;11893;12268;12331;12605;13795;14257;14885;15317;16449;16469;16505;17102;17533;18799;18815;19323;19363;19837
e4bbde0ae2e800a017fda0e5253b9776c8223ad34182969d8fb7e0967f442855,60,403,524;584;1202;1278;1468;1971;1981;2040;2193;2407;2987;3445;3595;4013;4522;4740;5056;5370;5937;6112;6877;7051;7656;8103;8375;8399;8424;8568;8610;8625;8693;8738;9175;9689;10170;10568;10797;11287;11932;12126;12464;13636;13962;14071;14983;15947;16069;16142;16146;16160;16489;16516;17048;17294;18623;18652;19759;20863;21697
f44bf78c0e4a35f71bd156eb3fd7e7b9e5071f4261b9d9892b51c78807711015,53,98,406;517;1228;1716;2021;2175;2469;2474;2527;2598;2601;2619;2827;3112;3722;4456;4691;5128;5217;6094;6354;6423;6629;7260;8710;9301;9310;9741;9885;9975;9979;9981;10146;10375;11392;12878;13831;14892;15242;15876;15877;15936;17558;17662;17846;17953;18595;19022;19122;19709;19726;19812
fea48819650ffc42778673df5603b9f2858b568d62536682a149c4e7a86247bb,48,891,907;1923;2350;2433;3761;3855;4054;4415;4591;5248;7257;7385;7863;7922;9065;9075;9369;9390;9698;10036;10832;11271;11688;11738;11765;12351;13735;14121;14123;14314;14458;14520;14685;15114;15171;15361;15447;15479;15738;15809;16423;16646;16647;16812;18253;18254;19504
d3eb0ce3e1265bde90709d2d7dbd704ad1bcaa2ba93f22b091a39a2d6a7856bd,45,154,269;693;1318;1399;1517;1565;3395;3559;4362;4363;4728;4772;5240;5446;5739;5785;6442;6543;6803;7359;7774;7871;8111;8167;8667;9620;9700;9750;9862;9883;9926;10822;10828;11958;14290;14328;14332;14793;15801;16520;18031;18188;19552;19929
da598ccf3077c8b531bb4a85c761ad4d2c16e49f1c2016ea5d089060f56ff2a6,44,34,83;114;135;803;961;1175;1366;1472;2303;2423;2501;2546;3450;3690;3957;5193;5233;7080;7476;7530;7605;7969;7998;9633;9678;9795;9851;11916;12141;12243;14590;14774;14858;15563;16086;16730;17830;18687;18818;19222;19557;19907;19909
d313fcdc68a60df59dcdaa51fa3ebab4cecff6f9c7757235c48ab693ca785ac0,43,1383,1447;1513;1539;2129;2379;2468;2476;2593;2650;3892;4544;4637;4730;5182;7108;7533;7596;7630;8172;8461;8500;8759;9721;9765;9931;10024;10056;10236;10692;10903;11421;12004;12309;13960;14565;15637;16554;17759;19107;19295;19827;21648
43b0f18321d125ec3ac8ea4eae2db137d8dd236d28a7ae535bd7def4b9df9b32,42,307,464;471;535;2764;2873;3093;3706;3866;4611;4837;5966;6117;7333;7334;7619;7905;8113;8126;8158;8182;8263;8419;8678;9303;9516;10470;12078;12154;13682;13894;13905;14297;14778;14804;14822;14845;14850;15841;18089;19046;19715
c32d74bef902f98f579225a28ccf806d1f8f11519e9097c05a148d3a03140adb,33,276,642;1322;1398;1535;2821;2995;3138;3935;5166;6567;6827;6948;7358;8080;8616;9606;9665;10513;10816;11975;12447;14249;14761;15336;15596;16177;16540;17210;18850;19019;19151;19760
37d1fa3c1382f8ec2478e1e019c336e73898c16603286843456d6a76f41d2ca4,30,121,126;316;353;2061;2945;3602;3642;3804;3828;3899;4441;4700;5096;5730;6003;7344;8173;8212;9179;9223;9280;9616;11228;12193;13743;17355;18726;18854;19737
55e01552427ebf1147649cf484d732f70d7b7cfb42d994537794eb6204937d86,30,411,780;2133;2761;4039;4794;5397;5978;6136;6946;7512;7523;7547;8043;8200;8600;8647;9253;9560;9943;9963;10880;11317;12306;12537;15400;17724;18917;19647;19831
1f672cfc433ed09b4f555ff0d37147fb6b5d1b2816bf91ab9a47a5ccb41209f8,29,1165,2186;2894;3681;4999;5697;6262;8037;8842;9677;10658;11993;12288;12730;12829;13136;13486;14759;15782;16231;16581;17105;17155;18620;18630;19773;20056;20304;20427
c6e7cac9ae866f565d40b548b5ae002812afcb864c7ebe21445baf10eb3dd923,28,502,513;565;862;1183;1206;1233;2226;3822;3906;5809;6131;6505;6624;6760;6865;6973;12114;12937;13722;15867;16128;16141;17964;17993;18644;18685;21326
03da37ae08c1ed2ce6973b1170f0fc1beaf1ca84d5bd6205f9715e73c90969e4,28,1482,1603;3942;4117;5706;5725;6693;7644;7866;9542;13018;13374;13471;15462;16651;17225;18454;19555;19962;20099;20369;21921;21980;22007;22021;22071;22155;22243
2541b07faf47b30728df6a4dcaca0d8a14756f4c418071d5b17fc9b3eca540cf,26,2222,2428;2445;3123;3592;4615;4745;5791;6895;7170;8047;9533;9861;10577;10647;10989;14555;14558;14563;15991;16590;17386;17483;19188;19661;19799
e528b45555646e5da712ae16da3a8e7bb155fcef9934c1cafa82640d321a2a55,26,5632,6689;7585;7845;8178;8325;8995;9030;9415;11355;11560;12022;13219;13595;13659;13757;13806;14225;14956;15057;16387;18295;18750;19340;20097;20452
a1d59d39e661c366dff3a3cfe7069fcb8076174bd506db5938dc10a9dc09794d,25,300,1991;2201;2274;2806;3795;3923;4633;5001;5824;6030;7475;8623;9319;9669;9949;9996;10511;12934;14020;15517;16021;16098;16450;16700
46ed70a751e35fe8c9c8dbfeace76036fc3e976a257eab6904f21dfe9a1e98ae,24,119,335;4503;4727;6676;7137;7144;8197;8823;9190;10233;10402;12453;14538;15967;17265;17809;20397;21127;21259;21301;21391;21425;21572
5e4e3cf3891c00eab874012aa072b0e090d21d361c3e4dfbf41d723b409fd3b6,23,63,656;2594;5475;6277;7268;7900;8030;8154;8457;8528;8546;9829;9852;9955;10662;10793;10992;12933;15404;17669;17699;19453
7821431b80a8de707c9a3b46fc8208ddf60d6bf13794b88b6dd39ffad627a4da,23,317,4735;5152;6905;7718;7967;8449;9994;10667;10723;12468;13684;13997;14058;15319;16000;16003;16973;17614;17852;19114;19667;19732
9d5cd30f5cd6f6916ac3ed5d83f29f7f8daaa2e5b5f2ae4e1519ef37a2f43ae7,22,1276,1290;1426;2181;2491;2967;3455;4143;6528;7284;8049;8246;9544;9722;9773;12521;15371;16172;16675;16915;17039;19054
0d4a18f37e38ca44faa5eccd54953eba56b907381bef97743269810c97a9ad71,22,1401,1500;2503;3649;3790;3913;4519;4986;7083;7471;7520;7903;8242;10509;15548;17104;17184;17611;17945;18874;19099;19602
074d3e41e1576c3908eac37a58ce50288ca15b1ae6dca98af29b4157778521cb,22,1519,2289;5366;6220;7141;7229;7591;7899;7968;8310;8771;10069;11694;11837;12578;13506;13540;14602;15928;17685;18553;19437
a466c0c5ad47e19d427a371df7c8c909606fdd90e04e15dfcadc83d7473c236d,19,661,1138;2607;6194;6917;7489;9443;11275;11673;13747;14010;14252;17894;18114;20325;21842;22012;22086;22138
32c25c3255967a97fc7a0cb6a0e9ba89e089eaa52375cb19ebb6e56c735c99f0,18,24,1579;3178;4202;5063;8124;10642;12232;13746;15029;15864;16742;19055;20278;20474;20998;21072;21499
f181063da27458c5eecb77119e125a95bbe7a68182e8bf17e8bc1a89c666f21b,17,168,2314;3477;5167;6307;6811;8651;8654;8721;9585;9679;9760;9897;10074;10784;12247;19622
af59b3a07e941eb95e01a95017aca1133bd0d21c676fbce8012188f6b74c737b,17,268,413;609;3876;5019;5733;5818;6375;7836;8765;9278;9746;16856;17119;17221;17388;19131
704ddf941266d394cb0b763b54c2cec5e8331c5a9ead5ef62edfeb9396b82a07,17,1652,2034;4892;4968;5542;6500;6850;8805;10771;11709;12167;13742;14294;14821;16815;17270;18980
e5fc751cd53d1918fef20d38adc0e4d4aa35878efea175286f03e41a920b9348,17,4625,5130;5137;5465;6297;7840;9215;9953;10481;12850;12938;12954;13345;14772;17717;18063;18065
6450530293fd683a9a46cf2551732d17b226d7b245f24990cc3bb40654e4dc25,17,6170,13683;18249;22269;22272;22273;22289;22299;22302;22304;22305;22311;22317;22320;22322;22323;22324
28f791b03700877fc05410a04bcd0f0ecd0cac584aa040271800849b464734c3,17,22263,22275;22277;22280;22284;22285;22287;22293;22295;22298;22303;22306;22307;22310;22316;22319;22325
30be10663aca48acd6452e98bb1adb33e1255a22d1d4fce9e1f7d047fa5631f5,16,731,1265;3888;5986;6638;7401;7907;8255;9577;10599;10729;10951;14893;17278;19469;19592
43a498ad67b59d1128492c8f9a89d53f44f6f1982350cb014a4e77015632ef95,16,3990,5369;6561;6574;7130;7217;11297;12587;13258;13450;15280;15486;15804;18558;19964;22065
440152443c5c9e58acbc8dc64f59780df0d10cd3fbe93e0b6813be90eabce349,15,32,105;522;1187;2802;6563;6938;7816;8096;10354;10476;10975;17839;18976;19293
9fbb72c54a9ca6e6bf77ce2943c2cb4d5fc114df1f225a015a618d8558023689,15,378,3608;5450;6036;8425;9548;9619;15859;17130;17439;17538;18190;18663;19142;19774
e47583dd50f07112ad30edad9384f0c6385e2913d5356d936cfbe09cb399c480,15,3686,4473;5904;8170;8572;8611;10452;11199;13733;13780;16149;16577;17280;18835;19564
5bd8a987ab90414eb62f78356d93e21781801eba9c0fcff0a3bad4d634975b05,14,289,4130;4218;4769;6777;11164;11352;13630;14657;14710;15219;15572;19195;19968
758bef6cb7938d75be8e7210d85d14e4b6e234125b0bba7f7ec9b9e38ca598aa,14,657,3671;5390;5971;6970;10399;10604;15452;15678;18214;18529;18810;19866;19878
a775553e165df07d51d0ba55101b6af430316c5d8d370ee45a6990fc3b0f1111,14,959,6164;7343;7819;9461;10588;11620;13030;14343;15414;16076;16268;20959;21671
280dd5dde5c700048fbc21d72642b72418f12332d9bf4f6704a46942c7d5a5ef,14,1034,1648;1857;2284;4091;10478;11149;12807;13063;13885;17430;18981;20510;21427
98c85c96453fa5ba24fd95e81a3d457ce6740eecc34519905421d4fa8eb4796b,14,1084,1599;3687;4954;5814;8969;12090;13487;14308;16644;18181;18537;20797;22070
21e62f77f86014254a4d229812c90c5f2182a065ccf66a45dbc1d7f9d26b73d6,13,175,1640;1698;1766;4178;5507;6591;7191;7453;8908;9847;13616;18469
774f04796a3e5bd42efea72a4ae2b60567eb4a93f941f952e5bfe3c8d6c7ef32,13,412,557;3868;5404;7353;7894;8195;8751;12111;15345;17607;17624;18743
c56a7b102f0a06e0c941824b1c89747dedc6346f3bb4576615f29c73fc859b7f,13,456,1275;1552;3524;4586;4899;7006;7648;9218;9281;11197;14870;19501
bde30c3f94e4261b59d68788d57258e20204e239ae8a68a7bb5d6a8e59fc5589,13,847,1163;3846;4838;6382;9894;10073;12033;12654;15930;18641;18797;19427
e9bf33c3c80e3618ee2adec9f140ed7eb821f43dd5def46cf5c811a60a9028a3,13,910,1922;2984;3325;4104;4628;9208;13352;13792;14151;14738;16486;22297
b079783b2310d0dedd8dd607cadf267acb9fe53a8f718bb81407f766a138ac27,13,1214,2922;3698;3772;5886;8991;11701;12570;14133;18796;20970;21339;21537
ad545faa2715706767278fc2dc2cae41de8b13892430418048c1ecf92ef5878d,13,1392,4783;5235;8092;8240;9932;10243;12882;13789;17454;17470;17509;18676
83f56edb3954eda0c772891421d4bb38c735a440172138afcd7e5fed3f92e47f,13,2431,3896;4848;4952;6283;9185;9714;9929;10124;13819;15846;17343;18593
7aaf296f3e5a7accb258ab3884b4588425ef7996bcdad357a790be74ba0b53f0,13,2519,4129;6658;6726;11344;13197;18349;19620;20893;21795;21830;21837;22213
b1fa28955267473d7fbbc0419dc37e7f2774b3a57236b06935b2100b9d4e1be0,13,2965,3214;7992;8137;8435;11835;14546;17708;19242;20120;20350;20392;20822
8215b938473659ffaea1f76d55416bac7a467ce4c00a930a0a0f0c00c46db4b7,12,144,2059;2219;2640;3707;6826;6853;8140;8635;9237;11165;13715
fd4c2d26034b5f9e8276b1dac56fd94b79bbcc54a15e52fd07a4cd82727a0bcc,12,458,1225;4515;6806;7089;9670;9685;10611;10800;11279;11409;15937
bc23e823e68a27041953f506357a2b16651acc1764b1f4a69853c8ea96bc5540,12,509,2935;2968;3150;5736;7033;7638;9575;10497;17584;18621;19482
4e346b18f6caaedf79c731b9f8919895af44fa54df4d9920b5039a6b1462088d,12,644,1347;1432;1581;1949;3508;4649;5854;5944;11252;11351;12106
c0e1797bf04d0f30ad42c6641579dcc6b760ca2a899a18b09f53c40f74f3bc98,12,655,760;5427;8787;12655;14429;14469;15437;15686;17185;18218;20088
182bd5d610a66ca5ffa532e6a0dfe47e756c43409ff701576a05b9260770529a,12,2698,3684;6086;7583;9944;10791;11274;16204;16561;17805;18647;19528
70e9d4ba1e71033a7d9f6b409c3e7e5cc40c5ca614cab9231a724ccc5ab2b679,12,2975,4707;6143;11180;13317;13523;14838;15481;16370;17366;18686;20116
43c39b79468af5f2d5ae25d4443972501b89c91590cf5327abed9d13233451f3,12,3124,3798;3975;4847;5901;7081;12968;13934;13948;14780;17480;19783
b3c9b303db27805c91cbe863e367a5c4082059ca9a75ab44e1f0cc19327b66ae,12,6447,8899;9055;9432;13892;14339;14375;15050;15115;15651;15831;16810
652172dc75437bb6319184376ff695e0fa746276fe977504afef066c0064ad49,11,41,1317;3744;5470;8760;13936;14004;16553;17226;17772;19212
a187d68cc72e4b691d9cd9d178385a424deb092a66d9256ff79d32ee9bdcb36c,11,351,436;1253;1301;4550;5807;10140;10834;11054;11184;14814
5710af5cad99bf5d64e2c4722532e7135db7a279e8761a11dac74742a7a2a557,11,467,4156;4481;5030;5053;5160;7036;9729;17152;17495;19078
dcde39a35f23b9204afc947dd25e03ca8e40cbc597a005ab57d7ec923794dc31,11,744,787;6956;8656;9801;10183;10683;12544;15593;15672;19121
b699d754c71a3a0e23e2fdd1a18a0a42cfe40eb8f28851d8d15b2f7fbf88b085,11,6235,7003;9092;9973;11890;13560;13776;15118;16471;18866;21528
5930c6f0d77f0b069f9c6ac7dc4503ec09e31af416a4ce5d30a9bc25d8737433,10,256,770;1980;3619;4672;13791;15327;18603;19563;19870
51b125aae0e91977919e887463a626c6b1943922d9803677b9a9d56a22f250e2,10,727,2719;6943;17248;18993;20352;20587;20650;20738;21893
39a2741192457e04c758e90fa713117d9551a5a87c74c242ba7fb0ab2d019333,10,2359,6137;7084;11256;11836;12190;12297;14384;16239;17169
a22ec3552c3b1d3802ca66919f23dd7ab7cfc7a8ccd0d63bc88042de62e6679c,10,3423,3443;4384;10334;11064;12635;14256;15989;18208;19208
52032b219d77aedb78cae6639899f0cc4783bacc47ceae61f29d97845c3341bc,10,6321,7037;10149;12105;12355;12572;18309;20095;20197;21975
562fb2c442344fec108f907b38f63dfb5eaec18b752d95ffe9e0af42cb9a6bef,10,20727,21063;21071;21237;21313;21340;21493;21538;21691;21705
7f33452bd803ac7b9b203c83a37855bd67cad783674b5fa8643dc066e8d1fa4f,9,243,1542;2025;5600;9226;9288;11308;14008;18577
2eaf7ba18e044d70f4000e2d92753f70475253f0d973929dced6c407f11db90e,9,2897,3189;4215;7171;11702;11963;14816;16218;17651
dfbbd4ee1125f2c410ad74116cb1c12e7c618982cc4b61cf42284e95e4340852,9,6482,10651;13388;13597;15133;19764;21800;21928;22173
0d8e46cedafba4d5470a696efa5d44794e03f07f6f48a8c971eee0e87fdf0c36,8,569,2009;3530;5849;8219;9234;18804;19186
4b4320b219178df0bd68dc8e2bc363f20ca0cefa3f51bb0973bc477d41477ff4,8,572,3547;3677;7327;8551;9898;14002;19646
662dd3f580c2b6ec0d1aee90729141ee4bc1ab904362e13728722b1e6f377e05,8,768,1356;1374;1975;3589;10986;12074;16166
708b218509fe1edf381cb93d966206d746f94d1fe16d789a4ca9574db0c283a0,8,1616,3065;7186;12819;13239;16347;19068;20155
da678905d04e9abc1c3bd470158d864cf3577c17ee7c75a991569734ad81ca32,8,1635,1871;1913;2288;5498;15419;19810;19957
7479abbf9ac2d2773c637b0678b26033dafe41f031306ed050c5529ab2d59f79,8,1637,2831;13213;20594;20974;21181;21285;21799
b28deaa4963f2c905c9db84ee95a899bddf237c26936ab5fe6dbd991fa1215c4,8,2925,5933;6847;6921;10454;10518;18914;19305
783d5adeb70b0daf5fc2a6c829b2e6f0786f1c588629de0d2cdaedd4babb6967,8,3328,4245;6608;9177;12002;13414;14503;15098
877b51f4df5c51a9f20f89ca492f4041da7b75e94869a8639871b7bff3961048,8,3480,7984;12292;16599;19436;20569;21156;21560
ed25b14d369ecd25cace9a36afad81621dc1e693df6ad23ae1f66b687138ce93,8,3590,3985;5347;8286;9342;9463;12469;16400
514ee7cd17bcb9089e4dc4b4a7efdf33cb06ea3aadcc7d7a80a9248ec3a8e59e,8,4212,5325;12317;14656;14735;16639;16686;18706
265ec5f7ca83958bf330712985a0d8e08279810cdb156005b850290252da526b,8,5106,5588;13854;14418;14810;16299;18424;19329
11c305acd349dff72adcc3942abac14538f47596ff13745116c13246750978ee,8,5280,5406;6337;13251;13515;14013;16682;17959
fcb704a4c4fc2fc73273eb13f8e496b2340f921749d999c1b0f2b8b3e72801cc,8,5457,7104;10615;11018;12025;14067;15630;18887
478c2cafc8b3e2e8ed06bbef5d23eb32de9e8239bcc042c411e1fc3f68a4727a,8,5650,6789;7775;12265;12747;13859;14875;17211
fe8860710879a977371a60f6fb3dac00bf8a406cda911935c200f233585c7f4b,8,6221,6831;13226;13626;16360;18191;19178;21289
376fde09f809768ffb26fc9edc2e5029d5aaf9ed0fb57b38ce0bfe4f21992e4e,8,6878,7211;8789;8858;13303;16433;17797;18522
cc710f87722f4b2e994f925550608f691d0cae4c176406838f6ac0fd4cc37293,8,6893,8174;14374;15396;16739;19268;21724;22096
8dac28d1a4dedc4aa66341b53c73c0a85dceccb3d817268a19d68900772cbe2d,8,6991,8324;12235;19874;20980;21206;21286;21520
b67f543e0519a85f4954c8c48a8e5d49306d37b3490166d701877963a0773939,8,8564,12854;13749;14598;18277;19216;20564;21762
d1b745df37ba5f6fc0f58f9185d9871b5c29c608f7bcf394a4654f519ce5f2e4,8,11223,11512;11669;13398;14512;15031;16257;20519
3416e4ca4549e93c3ede4c0fb20bbfa5a25199735b6e11005141925820680833,7,590,5158;7154;9202;12511;15165;18299
422ca7e7306f818de717905e9e8bd5e1ee96b3e95312e30980f7d44c74cedd28,7,667,7146;8001;13768;14687;17085;18158
2c2d68bd38fef0f626db55addcf7f613c7447b5840e0dc2717f071bf6727741c,7,754,1397;6864;9284;11052;16211;16721
09dec90236932b34b0e7a02b6b7fcd68a58d4dc9f7cf951625c6d9e43835e83e,7,813,2533;5268;11528;13554;15179;19335
d2282fde6e5f7416623b7ddfc917f57b97bfba88963517226e8247ea30df12d1,7,872,3034;3097;5017;9227;15920;19518
a85a3b0899410c117b67e5b252a53334684bcda81e99af3b9b95361b9fff15f3,7,1238,2989;9051;11378;12298;14117;16281
86975e238bdb7478831923f9de0679629644e4a3fbf765767c1e8205f6601954,7,1501,2160;7510;7590;8438;8462;18973
f4da2d5bcf27226765e717a1d2b750a7f6ab67be084dc60f70ef753d9e438bd0,7,2784,3044;15120;17715;19365;19685;19892
5de2bbfb8b21e546bdd8165e13caa9d227a0f9a7814e52e2afeb87320dde879e,7,2898,5324;13241;13728;14224;15773;16542
7aee98eba9a66c9c30455ff85fc94c941e6bb5deb34cbab3ad452f8e7e4f2edf,7,3360,6006;7053;7056;9538;13313;19389
e4ad045b9b228c2ed01c8b8a6628b075c82771b628e0fcd4e08ce390e1dfb87b,7,3612,4990;7478;10360;18101;18764;19053
cecc2e3858e43bb2c2f254ff14c03a045bdd9d258b9076306d8a3258ee96735a,7,4068,6353;10472;10589;11983;12197;18565
fe7c60dd02309c3b07bcbb8d5039b9e62cca05264d26d40af918104179ebe3c3,7,4607,8593;11240;11262;13419;13620;16842
7862cc1e18ee376e91eeeeba84d9d4092304d77ea11e230b23013eb9114c3d2a,7,5519,8938;11368;11526;11658;11842;20092
2e43903f787cf8828f48f9b57ffbc795db2168086601a63505444450d3fe3e6a,7,5558,11189;11363;12370;14017;14175;14981
753257efdcfe26b73465c309571721e7167ff904607be7f32753f166c18fbdc5,7,6001,6064;8392;10737;12524;12585;12898
9f03ce3a14332367bc479966c5fe3bee18ee1744925d952b3bc4e090c1f5129d,7,6187,6794;7296;7691;12156;18588;20895
7ebc0d69662d94cce9f32b8dbb231956aad2ad4037c23f6d30296744ad053afc,7,6700,7937;9262;12695;13602;17764;18402
46e4e4a45777a8f59d02c98cb577267ffc5153773cecad86059c4b2b370ed4fe,7,8624,13645;14559;16300;17928;19261;20971
c3f0ac5d0a8ec694c054da554d5c36c028c4965350fc82f8ee54efb33665643f,7,8879,13511;14756;16707;20055;21732;22327
7e363abdbc0dacd3639ec360e4e605db77ed7fd5c2fdc88de38d2214b2023fcc,6,323,1097;3155;9550;14307;17578
a1cb356b06306106fe04f9c9a4fbe4171042117c227c375406df582623470d75,6,474,678;7732;9876;16518;19215
74765c50bad53c8848c4b8129e775a9b28305085d5d8e56bb0a4060527d22d7f,6,544,2207;3666;16104;18210;19849
c21f0c47744be02677bc10a791a773abe494735a8ba20d0de29eeb2a7203c9ba,6,638,679;3576;12202;17354;19339
b8f3c8f756cb0b2f47ec8bffd8a0738a11faacce189399c01b921fc19e4e9c56,6,653,3080;6599;6767;13852;19642
509bb01c6df1b75d9bd1758d6b26d38e216f13ad325f83d61f5e20cd58dbcb03,6,984,1375;9182;13146;13184;20279
d5d25c4631a9b7014a0bda430a4202c9215424d00c6bf802d282a28754f2e80c,6,1197,9326;10200;12929;16024;16515
3b57b3f51609534b5631573b35e93232ded818f2f5eb2a8a122d4b022d9bfa0d,6,1140,2571;8326;9127;14213;14525
d7a808751087682be3cd39a105db08c913c8ae780ada4a6fd8eb5eb5860f17cf,6,1172,2005;2117;3662;13813;19421
54c8d1fbb4e59b0f93dd4669d1768e84f6e16e3b8510854e1475e25a8528c1be,6,1184,2696;4049;4136;6512;7345
2e3df2857eda832f600b78404c23e3e3ce3e09833be2e8ba9f6d315684383a6d,6,1354,1532;3359;6838;10356;14586
aeabfd34510027014e99de63b1009ec2c9f8eb0e01b50773cda26859efcba535,6,1369,2199;2631;10370;12923;17097
3549753f6147b6a15cee2168f01367f54759cedbce3732f8f483d4e1f8ec9bc7,6,1408,2977;4278;6800;7881;11221
2aa040b1cbd9fa397b3e1ef648115b2c9e3113f0280a19275714895cc29e533c,6,1562,2950;12588;15715;17410;20396
6fcf46fcf679ba93594e3f6bd015bb4b2ad5b7e819db683d25fd9d0a73ba468a,6,1680,4093;6323;13067;13181;15122
75464aa9c9cf0fc6c0383a0d0de2653e8f2ae175538463c20461dee0d3596443,6,2233,3386;6977;15339;16094;18902
2594bdd18fe9231e58453940476cc4a3bd6da1762bb43908f433a223b430ee71,6,2509,2848;12360;16882;16991;17893
2f6d3846e9d5ec14a2caae0c1e77bd4ad422acfb96e7864b50d71a1fc96a8fea,6,3059,4781;6670;18223;18838;19135
2d14dad1c156c622671209b6bcff7a3f27296495031a01cdbfafa776797d8690,6,3069,4343;15079;17392;18222;21731
8bb0e9f74788d524762227e90a6c438db996747578a9e28b7b8ca36e40ccceab,6,3183,5664;14636;15925;20543;21002
3e9801a3f07ec447910a6230efedf932e421a4dafbbe0b9994948ca688627fd4,6,3264,4047;9299;13384;15087;20168
37ba983a00b0587ea3e443e3c1567dc1087b5a2071c5600da02956f3020c8454,6,3259,10391;13177;13500;13521;16328
9a8d2ab2ee444d4ea5321138a8f5078c88ea68849ca147dc0bb46cf0223b51c0,6,3651,7055;9539;12095;12785;14411
440a1e2812950ff8bfb1861429ba83a3edecc0b098462a50d6a6c161150c798f,6,3968,6058;13192;14103;20194;21080
c9ac8fdd05c424605b86aa95ea66e40be834a58d19e5e55512787937ba89a8a0,6,4820,5176;7280;7743;8504;12518
7962d4ee4a1fd201a20e13dc91e551d804be44565f617fbdd4813e7a109a9bdd,6,6697,17183;17445;18598;19221;21187
130e323126747d4076191b6a038c7fe369209f3ae41b9ac2e8e4527eddbbd4af,6,11547,12538;14873;16573;17323;19260
27d95305022bea23d6487bf9c238206f3ada17aeb949e664defe5cc1cf89a372,6,11685,14488;14913;15143;20185;21109
057d58e6e6ca4979e292a79e58fe9472b7b3e60ce91297410accfb65b77aea77,6,12295,13224;19481;21821;21862;22054
bea6dd2aee133b784aa1d473b8b7b33e989393830f0219e7687f6ab27005f686,6,12322,13691;14770;17346;18608;19397
57a5ecd0ec540d5659eb574d36bda76e230ac8503746aae31c81c341efc2e67a,6,12659,14379;14380;18132;20867;21193
111819040d7317f31cccd3f3a329ca596f1670e41ba12c14ee95dfd226892cce,5,25,8363;13469;14107;21792
74912624aba676812bf944fb39a2793e50a4c59f3840040445eeb04e9db6bb08,5,80,3648;4291;10616;19825
18725fd1dc9ffdbd51e29cd9920070cce1704fd5391b0674baa9e1f551b5b4da,5,255,1543;3516;11312;16197
4dcc7373151dc1180fe5b227a782950326a118b46b6b8fcdaeda2d724e648a61,5,314,2606;3375;8099;18738
921b2d86cbe9bd3eb5d960f2c798e2d460bf4c1b762b566f8e3774e528da4757,5,328,3366;4815;5075;12339
21470ffef1b35f141535cb0293a553e0a815a16715bd85888bbf2af7f45da61d,5,495,1268;1962;6810;15887
e7f4c10b8f5414f528ffda75f384b6dd4f74db58cd3660bec5183ac17b61eb8d,5,508,5779;8951;9074;16850
7bd513521cdbfce784ae420a7cb3efbc4e3e580f9bbf4cd14a272afee2d81682,5,762,6588;7238;10890;20250
c072e80e7b3a4c24a6898ec2463a6474ca3600fa3432f68381b6736a3407a4fe,5,758,7070;10131;10248;12430
85f8d03edbc3cd3df064a747f300d090ca42ff29977e35c7aac4ba52c53abce0,5,1030,1879;4851;14407;15620
9e51c7d361041dbf5da005101a54d981da11b70d1aab6f4bca00fd2ef3ed5d84,5,1074,3936;9324;10768;13701
e8082cf960739e36e91a9f018b1edd7f5b92b914fbb3f86a221722a773a64664,5,1271,4996;17539;17671;19014
5a65ee427de144aac5d24c1fff45943bb109f8f31687c83c8450f6509aefa1ff,5,1489,2972;4518;4931;18787
b80200ec29acf453b07d776b292fc4850e6416714f8856a651ce5137a59b6637,5,1608,4274;16880;18740;21965
10db8e5449cb1f729e5b062e78ef792f54331d571916a8b75bbb9d1d9aaa57d3,5,1901,12380;17996;20406;20916
06434f53e7ce671226b8f4fcaa49095a553f30644a8222288a6fb2508a406c47,5,1933,4375;8380;11084;15053
5e46e8adc4faa5dd3afbbf44914d15e1228a29ef1d94ce0769e6fe29829a5074,5,1958,4800;13904;17194;17246
6b9aabbb13a0522e7db7e1efdbeb37471956523dc5ebd82a425a258f72317ec7,5,1984,9936;15353;16158;19886
870e8c6739ffcc19099c6ee2ad561ac9e966d72052cb65b8c2e9da5ccb4e4afc,5,2077,6190;8825;8902;9356
a1ab8d0611aa7f34b4a0b616fe60a1067b69546f500be9ab2480ada2b406b235,5,2190,3299;9063;11431;17781
1ae66c48cb5b0e6765461d346f38561a690e884914036de7c53ceed6a9f83b9a,5,2325,3815;4263;13246;16384
1769a255386e6dcd5a48c678d462f3e8e84ca04a47ecb21e13a2594b5cebf263,5,2374,2684;3703;6801;12348
4a62e99f0b45830202e2534467ee16789119abfdd00a1dc4ad89f537b1bde257,5,2412,3196;8878;14480;14798
37f1c5de1f0c2053e590852d4504e5cad0e27acfd269215340f260b6f00d381f,5,2563,2910;6339;12183;13954
713d141829a1284ad0cee1e832407fc20ec5c6377e18ee6bc3f3c1f246b559e7,5,2753,8166;10861;13758;19029
c89823d3efd5c6c7129af73c37addb30921e2d0dac97a0b4000568fc5f8efb41,5,2777,5389;9151;14277;17555
da4db6c3193793ad570af915aa2c53c8771183e13814a37f9ea9081a12f1db20,5,3179,8801;11789;13355;20968
9b623cd559f78ccd3b0b79806fae4c5304add6e642c9e90837167c0a5a1e0c84,5,3219,4298;4935;7346;22186
510d39d0a8d1fd75688c4572437fc9eff5b9eee95cced5fc3c56c1fd66681898,5,3407,8165;15395;18419;22098
719630d6bda57ff7cdeaa2ad7d730cf2034ff326bae6dc83921d645179dea1e2,5,3416,7082;7982;14498;20969
e8e0a4b2f4724dae14f11996bf7713a9e50ec5e0cf3cb15274b17e55e7194326,5,3452,4634;13422;14707;18043
0197c66a0cbf111e5f311b8230c30fd8e4bc92c161bd8f17421629ce745f9591,5,3860,13635;15181;16321;21087
45b4fbda321b7164f1fffdee780a1f644732b30e70fbc905e5894c011cae1cd0,5,3961,10071;11466;13033;13535
9931e3a5a6ed778e0c4b34caca3b942d54ffadefd007eefba6c0993683cbbd68,5,3964,5398;5887;5999;9959
80f8d7563cd20d1a1e92342ea664dda47430995f40dcac1f03d46b6553708304,5,4029,16182;18118;18437;21006
a9bb74914943dff2bb9a2eda9388cb44080f5f7ba6a5fdf4f83b621837e2d61d,5,4164,4747;4985;8235;9494
4b55d5f9f8900efd6a62c9a78a536cd63ed23889bef2cee5dcc2021cb0b68370,5,4259,6936;9410;11933;14337
2f5ead620d2c76203017a8eed22c0270ca38abc33b2844a31104bc72122c493c,5,5868,8439;15539;16381;20562
b055c7f8c8352b05a363c8b9b5ff791e2630e1b10d28f50b4d9eee5e2fa9d4d1,5,6163,6199;11678;14323;22170
90b0eec3c79e8f9b788e39eca62dc40f995d01af89808b26bced1d319136396c,5,6181,6399;12050;12872;13652
85794653f01b5d68767f3d7d44d8a1ba9895edead436fe1225f735d636f9cfe5,5,6453,11829;14881;15145;22231
5817c231a30c80ca90608240c10c386926e3aa262e46a6e3a96202a8b38b4203,5,6531,8366;9113;9361;20179
a70f5a72eb13252fc47e2e6a2752cb0b586c34081a2a905f6b843872cede6c31,5,7608,9371;13334;20464;21267
8c558323ab77046e1f78bc40855da4df050c920ab6d6597aa21eb8d12a28d6c5,5,7651,8994;21248;21723;22034
65745dc986022d6b2ae60d43d27c1f6a7765de3fb23d8a6eff2f39d9dbc6c0f3,5,7776,12082;15140;16358;19348
f6b315d59965eb33508d62759e8af324bbf0b5425fc56f9e165a0103931d10dd,5,8905,9201;9837;12080;17202
c0a8b1f666262ecb1c7f834f9a85500e3bafe30d3e7c108090f0add279349aa1,5,8933,9541;11408;16929;17854
282009d96a79d04dba81742bdd5e12863c04a9ed84b876bc37d8b05c161f34ed,5,9277,10214;10808;11003;15502
127dc487d9b24f17b73c414eb4aaa0d7b56f05ab5509bafd4e1ef656da0c15a8,5,16430,18166;18354;18455;18599
cce352be959c10eb90209a573f66c90e83ad7754ee00ebefa93edfc52b9338c0,4,42,3304;16857;19147
76a5e0acf3d55297cecac3dbb7255ff515dd5fd6aa05d354c83b42ca9e42e439,4,91,8184;11264;18201
40efb07189169e6e12d33354e84e16d970b91008e4e8daa247744115bdfda4ca,4,448,8704;10548;12310
d243c629e2860a3f7578763070841389b8a7fb38b3731f245a3b3300cc8bf15f,4,603,7044;7958;9558
3f27124aae81f946a232c3beb719ac98f83fff39db23279f75188e77ab4f58b3,4,672,11628;15338;18370
6b64c2042c4c2821541793d62b60ad534b8b7ed236645bdc8b0ac563ca3cf62c,4,915,15829;15961;17264
8618b2b0a4a928c974b1074e61854dd1ad348c640a18afdc2abf94922b05099e,4,965,1150;14855;15795
e738b03dcd767534b7c7bbc6b71c92abd7e2348df391fc0f936d9d6057b6749d,4,1300,3526;18903;19254
8897fface76ffcc53c8d5412b9dd154d80bd05ead1c2a951a4840e0b04abedf0,4,1411,2628;3463;18228
3eaabb7bfd62ec5bc83f03b25597f7644e8b44a6a459ecea21349fb13715b57d,4,1590,8295;10820;11211
acc2c32406a49ea4e4ca19c284ee4beb5256c1a26cb357d3eb233b2b3d14a926,4,2026,5914;5917;8578
f2b12f6374958155dada37d5b632029cff11e24eea15e39e35c09327555e29b7,4,2132,8379;12432;17375
3abdd4afacad2cc324577170d87a0373ea5c6fbce295448bf894ce8853a0e584,4,2148,9824;17680;18059
7cec56c8940644d4ba0870f426739759a687eed0a1228e5e96e74e65fa41cda2,4,2203,3109;6126;11272
2ce5af7c5c98496cf3fad982271dd95503b3c867a608601fab572094f6077151,4,2322,6537;16145;16558
6ad8455dc0e4d88edc720d608f16d3d9a681ac4cf7c1df758e4362a29e236429,4,2567,13256;18128;18289
c37824f4f35be92d0ac884f837f41a818da923b4276fd20c3eee83d579a45abd,4,2757,3273;3680;21936
fbccbbd3836f4fe30d7311056ae695a9dfbfaa8ccd9bfcef54fee9e99ca88dad,4,2841,9870;12883;19414
4ab918f6abbecd08d54509e917dbf91344438baca6de05aa11698494d6093229,4,2860,5982;8768;14192
fa8b7532a1cc6eefd968f436a97186626d1431e55d275403a37334a66a7903c1,4,2871,4715;5626;14267
6529514cf161c8dc6113c80c8ae3c57ad83ff0535c7c80825485de7684fb8f8e,4,3064,6568;16859;19689
b50709f3eb31882171d0b65bb27b1667635762fcf016a3865263f8c70d3934fa,4,3658,8065;12839;15163
dab9d3fce8167556a77ce95ececb4bdd7f6f23716aa6e81856c876cb8baf3816,4,3720,14214;19439;20061
271f9eda60866d627d80677c2ac462cafb64641087157751293738d8f878c9f5,4,3835,6984;19656;22286
192fa64907c3a4ae92a06c0b1a8c64b899b8beffda4f21219396d31edc40c200,4,3877,12051;15374;16427
00866fa88fed0b276daa21546ea7cb148ce6e854e29843357271641bc8ee156b,4,4059,5843;15779;19408
4111d53bc3702a81e6da8128e9cdf306ee23f33896bfaf0e15e62ca6d187383c,4,4163,4446;19848;21335
6923ec61eb74f8fcd7652fa6fb6c5ab5f12ada772b0780300390ed543e3f88cb,4,4211,7959;11989;21841
ffb2391e8f272f4165073f82d8169c41a043fa63e96d8e7bc98815d0b2992e89,4,4942,9833;18380;19403
379892159da716fb09d5068a236aab88f102a9fb0f57c0540ad11b8fe65d18e1,4,4955,6504;18007;18326
52c88e82f852a7696b1166b7090724f7c6ee7930dfad69890f8f828213da03e4,4,5278,7676;16037;19154
6bf7eaea787346ddf372d0815dde138313250fb482025c944f1e8fdd059d53bf,4,5314,9360;11294;20819
50da725ad9c42949c534b663a9c3b0ad1d1ec662f6ada110cbf53fa190d9af41,4,5328,10273;14472;15504
85f31500889fc5b80aad45a037c64ad5e187790cbe60f695d41fcf7c70e8aecb,4,5360,5524;8347;20871
3895d82aa204f815e342e3e218d3ff7ce9833f1f788602bb24d7419544b98cab,4,5458,5897;7920;10205
97c6ff0b3c2c472472ca621f237be5a5eedb055d0e8b23f0538a25681f197340,4,5758,8541;9842;17683
6f446b574b8544c1ddf8f2f2dd1c8b62ef26ea1151425a9f5e8b954f489285a8,4,5812,20331;21274;21610
e2a1c046a75b06bab2aaad305096585a4b38078aa78dc2bf277862c77af2c4e8,4,6060,11059;18329;21497
94b7c12dec17867299bdcce85ffb191d734cd023beb5a7117a3c66a828c8f7a9,4,6232,17259;20618;20981
aacb0e4a95e08df90811b7f5452415db5393533cd12e61e54a1f6dc5b695e491,4,6476,11870;15022;18167
63d3c35e2ae6d457c1d7b3a648c5cdf3fe1235b1ed10e05aeb316e364cfe2483,4,7090,9483;10780;17299
80928ba55f80119702155621444710bc3618d334f6f3e1d4b603cffa648dc24e,4,7305,7875;9756;17001
aa4fadc696e3530d1525682c73cfc5559629a3109519de79bfbcffc01819059f,4,7381,8609;13095;22249
f7aa085ba9c2737268a2b678ccdf19de2d76d6c2f8137b188ec477fb00edc27d,4,7390,11907;16608;18162
4d5d2616a76f0955c9e7b6681752db5cadb96b29804da8eb00a3f7ce09e53f27,4,7433,9322;17628;18200
0d9b165c2a7aac85b1fd4eb9e16fceaf57ffb6033ed192aa5c325f8a587cef7a,4,7632,14279;21116;21281
f557a0d6ca4cbb46b96508bbc1c2c6e93b4159b6571d9eea5dfe920770e1b773,4,7643,12517;16066;17728
8856c2fc45d98c4a88ec10366722aa40f7413832c9859a6f90f440ac33702673,4,7710,12419;15470;17514
5f9a6c5bac9d294bd27022804ea637068e431ecee582b20a31624145124029e8,4,7974,14592;14703;21351
cb905dac391cdbfa4e388addfaca88eca28284aeb103f6629f732268dd45fd56,4,9117,18236;18576;21972
992b296c30709e22deec5e519788f94ca4f1903d181499184f6fdd850cc6d977,4,9650,9893;10401;10569
7950b78cf62e8b3bf4c24817bd57e7897611b260b2ecdc94dc556c6e747d9840,4,10913,12994;14246;17466
34173c32628c719e89e7579dc5c3ee6b992782f51596c23b5fbb20aaf42a6245,4,11004,12962;17562;18900
97ac075373a16dafa826a531cbc5a3739530ee963cf06ddda500325b1bad6728,4,11803,15239;16809;17038
afd9539914c6ca84f91d68788a9859831818e446837cfb7237267ab403430b90,4,12699,14344;17181;21010
795251182a8436d9011c18b3fc29b7eb64e01ec1523bd2aea107273eb3b36983,4,13502,14352;19719;19883
214b846999e7a3428f9c406a4415b6eae50302021e9b2cf0228ec4531e379a7e,3,43,7100;10553
0960daa29a61f685734731df6ba5321c99aaa8ce9218c61a35578d8a142af993,3,273,15480;17351
80c0b2a6281ceafb4e3d10054f21bf8055cf90080e4d9ea708f3e0827c3bd933,3,279,6985;8148
d547856194fd8515c2e599ea12f34b38c5b7e88ca6285e4d6e094b4ba3a150fa,3,325,7990;17051
97b65ec4ebb1e7b6227d47cf8e6e1cb363ec1a4abeab3b7b4f935b67f8d51230,3,481,1417;8436
f978656968fc1afa36325c0af98700b6d1212503000fc79ac956ea8091d8ee00,3,501,7470;17352
55fb69ec8024b126ddff805ed9083df75ce3e3fd8a808efcdee490da4893d7a9,3,539,9954;15730
7fc8fdaf6071f75eca389f93532f4091ed8863d9becc0cace2e6d3a259585abe,3,577,6611;16781
6a4d5f52723aa3c3807226018b67b7667da6023ac1e1d236cd41481ddc98ca5b,3,645,11286;16594
28eb80f6e3e6a9eec502f065d95792828a2b949be28823231c75511ec7944123,3,688,4918;10491
8189ac04342c897a90263f7918a6900940c909cd110f990b15e10069454fda6b,3,729,15525;19786
8c212b6648556206468b3142889f5cf10aebb7ebedb74e8e2410acb178e1af85,3,870,1799;20972
5ac196cee952ecf4dffac1334d42418721c115164f966cecec62b047cd04405b,3,935,4698;5034
57e8ce80f041e83335e7181e9548348fb36c9b0b2b0ed71a4de0be01985a0327,3,1038,3650;8886
e87a6adc270cfde00b1bbbfd7a8488baae111bb5b3d5da080521758c0406ade6,3,1065,8479;15708
408856c0ce3a76719cc534d59c8c30b54a441df29912dd28c5a05f1ebf63dba2,3,1133,16313;20077
65975471903a4df8af62fed733b0bb4c690c542ec7c20db7378146d033582011,3,1156,8507;21845
acca1496677dad097e74a21e838f04d5a17363c94913175efc01c6f51dfc6335,3,1337,10301;12200
90fd6512706a3427d84605cbfbfc1d6c68dcdf035733dc8896df3fa77aa3572d,3,1372,3665;18891
f93cfc2aa3a898fced764eef0af8e035f6fc4aa79af9976687379ab3136c3510,3,1569,4231;4520
8137036b63dc3bea66ffdd5b772712e94d6df0533ff9d37551eab83c9f1fb641,3,1837,3199;22235
7e97c10d01f978c6616afe4713e7738950ac440b619df62dec8aea7717169ab6,3,1878,12314;15435
73f83c05889538233f6d1294b599c2b9de93e906bd3a730bf4bd0de13f4724b6,3,1892,18268;22240
b558be84e93a5de555aa6dde883310b927b575cc14be37840de12d43c6a0238c,3,2169,3921;17300
c1dbc7761039143564db6e236ed7e099da5a2343463ee4f53199ae31e8237763,3,2227,6280;19718
4f7652b1da34bdc4045e635b53363645b0d528c65a21c76722b24b6fc1cd8622,3,2261,17860;21251
1a12e2b1c764b070aa4822307970725866f91575bc3ffc9fb6f6221718d79639,3,2276,2456;13379
f1d20216bf949846b800085406648266bfa4056342db27f0799290de75e37c41,3,2317,19100;20430
7be87b64f0b1ec3eafdd355059a8ec5e4ad75a59df5ca3a74444d5f865aad89b,3,2889,4612;15264
c7d5de6313a1b18bf7f41676854992ab2980220f2d5eaa4d0c6e9e60344c6f82,3,2301,5452;15618
f0eb546bc3eb2201f7af14b261fb60e73c7892f35c3dfedacd8b42329d7b714c,3,2362,12388;18625
183c2c67f6b23702dde6a75484ac17707d139feca94d701bcc7aa84c1161a146,3,2388,10626;19233
a205c1c05e0452714ad20bd484f99fb7aa6035f32e5541c5d804485fdab643a7,3,2521,3506;9240
710cbeb51bbb7d4d654c35ceb29d50856e2110bfc2658f27b5d9af0c8597e91c,3,2609,6897;19845
f2faea48b109ad714a51360c0a855c74fe605a47dc435f5b90c0ff10376a812f,3,2707,2833;2904
3160f1bfbcc2ebb34e934916f2537fa7437d05d3d86b617c419f466e7c5db7f9,3,2723,9315;16934
55823949e0009e8abc6b20e676acd6a6c98ccebafcef933712eb1cb3182da4a2,3,2724,3428;15975
a6583cd5db17f09e3104eae2ea670faf4ad772d82adfc175e536504819e7bb23,3,2739,8215;8275
3404cc2e24cbc2d3bd384dfd3a26f8fd913673ff459b1c926b16f372ad3f61bf,3,2760,11684;13970
606495c5838e853630898180236f9c2e121d946ec46e72b903773a05f1412c59,3,2875,5491;11875
c1f64adcada1bdc2f86889aadf0145a7e4df4699c57996795f82f47665a16d59,3,2916,3380;5773
56fa556ba848a13d72e2f3d33cedfc7ef02bf977641208ecbfa1102c91c9a43f,3,2941,4440;20152
229e208916e1b82b5926e3e753da7d52f52852649bdb317be642c811cbe5a90e,3,3008,5294;12316
d9ea53bb40c8906d3b1044cca965a46b6e05c6250359d88f998fdfc9954d8b5a,3,3094,8919;13243
bfe350f9ab3c74d0c4fb56222bf9aec24f5f32032bcb74ae6e27f250cbbb93c8,3,3211,21906;22051
026f2146b6e75a7e1c734a5891d0d058cb55eff84cb91bcdd2ce22b85542f209,3,3280,6471;14271
214b5a9fcddfed9145f37037dd0b8cee3295935ed34545bad1e9d84a4072ff31,3,3301,14424;18508
f20e8bb31cae34be8814f919d858c771f8c5eda082c2aada102116858610f399,3,3410,12180;20089
054cef33cae0ff55e49d2c62a2b114a5ca9f758a3e3e3bd93adce641ebef44e6,3,3461,13640;14921
089b4c230d001c4a8c75a95cc15ee4cc702f569ca4405bc29f3aa7b462cfd124,3,3531,4176;10194
ec4d878e889166bcf4e9c4591ff4513928e19c0a565ad18589e7c9c0df1e8ca6,3,3548,5413;18618
fecc4e5d612deef3b67c122653b8080aac9f43831c37c7510372f88f5c8d15d3,3,3573,12972;19262
36a2e5a5423b38e2159235445d05c0a7b52117495d8eacb98e81e321574ad0c8,3,3626,4379;7224
a89258b66dc9b4e5e236d8d14a6a667ca97390c406f76afe859c9da385bf9d96,3,3627,7448;11070
98f640f7ec30d909195dbf75909af13729fce1ce5f66f76dbab55a8e6fb6b4bb,3,3631,17695;19523
991f205fc890b1e8606a7e1f6371c75ca9043cf319fe22ae6c7fc0aed9299dd8,3,3661,8202;18820
e8908d291797b2402eb2f197453cc04eb72ae3ae24f79179a2b557afe193f212,3,3691,4964;18895
12aa3bd416e9da1e606003f6f716cd53a1680bedcff45d4f8812125ff26357b3,3,3833,5746;9154
89f18ac407f25b8791fef863b6233a181fb7980e7489bb16943583b519dff6ce,3,3883,5035;10653
db2e3e262eaf8d670a525a612b42629d16392b58e4ba9e063dee3228bd64e25b,3,3902,6867;16538
6732bf42dfcbe902735cd7fe54e4d69db39a810cc8d5d4fa8e13da828a56dd68,3,4304,14637;20150
bfa28de5306f70598513ea8a7e8b0e814728d2eb898c6607073d707c3f679cf9,3,3967,5443;12948
a15af7942953efbfded0f183393b137809580fac8874428e915e1cc862943bd3,3,4016,6622;13925
5846f7d51677e51e30aa9de4911b7fbf6e49256e2ba0c8879075e9deee3ef31b,3,4064,14022;15615
d3367ea4f10cdcc7b77118c69bffbb189814c4ed3fcfc19c2754aa25756a26c4,3,4140,8803;21411
10e0e2133bfaae3faefaae619e33d59cc7444d7890d9d87352e9cec2605fac97,3,4186,6782;20946
3e96b9aa326376a4678b91a2d29faf6ce9bb2539f4b0606acddf4fa621361ace,3,4354,5103;7017
1592f20c1cc8faa38c929656e30a9056b88d582c82e2d1b11f998dfb27345aa7,3,4425,8601;18161
a17d475b5bd0ddf019d7ca896e06d3b1bfe640cf11e6ebf4fca028e1dc51cc27,3,4513,6422;19497
1f3eb2fe58851f19162c14e1501fc52aa7776f09a3330ae7f3d4d52ada6db78f,3,4556,9447;20031
cd1703cb6058edd14886b1471a94a49eea92f84744f7da2acc0ee55115b9f5a6,3,4570,7400;17178
27104cbe09ccb7ab3123f7ded21fe209e30f9f0051fea433e549ffd7c78a8ace,3,4593,8476;10529
717990123d8312355e5ffcd8b92ba77905041f3a80725fa66f00e7a1f13da74d,3,4716,14993;16862
68400ca486d42b1c25b22f8288e733f5a5b53b3ea9927f81fe38d50422497a21,3,4853,11341;19784
d51fa1fd5781a38a5f669270b19dfabe539e78506c92505e30944bf010144298,3,4864,7779;7786
768903b15d4797ff67ad439a99cd2290fe36a5b8d33ed8683e47adf77f6ccb7c,3,4921,6931;8637
a6df76966c08ccaed7bf536ea393f01d345b815fc2e098afc415661457b15a59,3,5024,10099;10457
0c4a20239627399abe15605e4533ba747d905e71d27f8c423ca8ae9e9065f9ee,3,5038,8108;12072
40fdc64bba3855129ae1b7e5e159c86b3a4974384883087e0268217c3ce5d6f3,3,5048,9849;14883
9967e8c0555349ed1901fa6fce6ab4fb5fd3fa283137895de22a87178f3f8560,3,5095,15880;19431
82e323475d9797cac664f2800ecfbd8439365c75a1e8c3c09ec44f15c994be51,3,5107,9691;11426
ecea237e5140e67023f057bb86cda3e83434797eedc005da17356603cfb17af8,3,5108,15267;17889
45c34b8bdbbeae8858c4bf29f34cf370b74bd24a38c8022eaa229f5dd1f3afce,3,5199,16966;18979
faf75cdc305962968d5a99335bf135240cc8acf89f0bf07d9790cf77f680eb16,3,5541,20010;20746
652da005c10c650020ca091e4d10db4e56dba1ebbf467a1edd8b5cd6bebd2826,3,5478,12036;20951
802ca4b3faf6bcb48d49140fb14d1202887daaaeb65bc246f74597cbd74615d4,3,5506,9036;13141
5dc983ddf2d1ec94138e641b131a4addf85161c1d69bdaa854ef4e2d255f8c5c,3,5663,20130;21361
5111188f73c4f524e0ae6652dae96d6155c9658adaa375c75b252fd8d3b347de,3,5717,16225;21266
9cffa77e9516c571ddcc680757d0ae6c28bc1e75769e13d3392b8f73fdc43f7a,3,5770,8190;14313
4dbb7dc3277ce8423ba3152c1bcd5ad96be17f6e3ba449c7ec820bf65b9e197f,3,5918,11681;13218
564d9b958af6f25472f4f51ec8ae6ad5a01da07b54358d49141279bd91443907,3,6228,12767;21702
8829bd9b1f395e959b2108d25c7ac144726b3a4dc7f56ab7af115401dd1d55cf,3,6243,10740;15729
0cde8ef31fda518e3dff0395fffbb7ec6c82001fc2230f870d3fba9932bdf9b5,3,6301,7075;12157
3c2023c95ee7e10c8276da1ede9bc505aa99f8f4bca3164f66ed224bce3f27df,3,6332,15021;16391
4a7073735d187496a62cb15dbf23a67c584578b6e53c62b4ed9ec09ae852e459,3,6343,12653;18538
60e9e805b16304c418ef8ab23e5fa1626ffee0fecb477f573e51860b58f29eac,3,6348,13662;19617
0337a1fa632b1316cbe145ca3e3b3e6fe33717b0a0cd3ef9b8cfa9d31484c8a7,3,6424,8675;14270
c2f0bf0c52335e2312f6f04200dceb1509cc3b1e2be7564c018e3aece6366e87,3,6554,17436;19663
ced3244c2565e71b5e6b55907539080a4c2d1bc9bda52741a4e2671a50e36896,3,6556,12161;14495
707e5b304acf7dbe9cdbaa5cb97d22f7ace3a9ec67aed98830621babe44763e7,3,6570,9441;18452
506b76f563db4b47fd9ac682a73b8520d180d35eeb4fe7daa1faf54de1fcdd5f,3,6581,20217;20835
aecf40f67dbf3e3469d6c79a870b75e642190d450f17684526b1bf41f623e7d5,3,6813,14152;21474
24b4597dbf4d9c31bc351dcef1ba4cbb75e7122f6615afa5b211367914fae92f,3,6839,12729;15810
54e1edb5f624eeadef827012136c1a2ebc5648c4233f83171238a216f26364c6,3,6833,11385;13761
71e867b3d60c76a7608f48e7bcea1789710a117e65927bf2411a941b669f6fd0,3,6988,9706;11113
06f1b908b0c446283fd33b8725b62bbf397cfa8a53b52475d7e19e0117c587ef,3,7016,17093;19543
50f99a3f1524398ed2dd0697f9b8f9e68b9e7fdf8930c4605b1ae8c71d242f52,3,7058,10066;19707
bac01e341aa0f56b104fffea895854c542e0736b2cf83482a8ab7e14c268648c,3,7105,11626;17976
ae8c3d8d98e9a416840dccb2d8867b5c52d091af4e991d4f2a1dc5c7e5daf249,3,7114,10155;10441
47e87014a0713a7b64db5432ba84ab8d576f7e99cda214c34408ab97e7b3fed1,3,7236,11045;14654
fbca7dc980f9ff7ab5fc87bcb8b86c9c8aedeeba3a7d7c43b166d8c5446fa354,3,7402,12407;12516
7e7ffa61a7ab396da7bede06a83db84b21b1b8ea729a64ad1d87f79fb60ba80c,3,7410,8489;17590
81437f9ce0d017286e06ce86de0638b09977c0be6adfcd82e8eaf54e59de56b3,3,7498,10390;10466
457e4f298f1b8141b6252825a4afe63b2a61114f7ed07b0f9e36dd70c76dc27e,3,7558,8691;12337
859d5271ca3ec0b692fd6156a85454e4e3ec66185c7a4ab92bd0c4fcb746f0ed,3,7588,7940;18476
5da014ea311721dc5bdeafc164ddb33154a7a97a1e62183ee65c079e4442b7d3,3,7622,10654;13772
8c7ce13897d7cae8adcbb53c6b77c1813aa893a4d75fcedd959e65cbce192a07,3,7625,10465;12219
df602a1f2582095c9058d30781d7f7d7f9cd03b7566bced15c02153ffc7268fa,3,7754,20955;21102
37bc7fad8ce6f881a82ee6acd28a185700052570cba2f86d2baa175061dc1121,3,7827,8407;11002
ccf60648bc68112e3c2af9dc552ed05731eecacb249aaae9bd0a725c8f0439b4,3,7921,10666;11214
344dc2d9c25672fd85dc1dc67b8d327ea865b4cca41eb9c8f71fb0f4ad4209f7,3,7957,10230;11974
4a445db9907b98f83fe8184404cd67ea247f999e013cd633f23daedc25ac8988,3,8094,10017;11910
811cab0be57b8d50c1874f0f556ab2df273cbab27057d4e9dcc5a7b00fc02d90,3,8122,12107;14442
7076e943a9f76577441a692f1b037465dc7ee8c66b3ed8d961403c1927e5a0ab,3,8339,10725;16212
d2cb58f9951dd5b06d0195ec6a93c5ef6f1f0ff48fa5d5585cbabed2b9e9ce43,3,8467,14095;17046
be05e7183b675860a1433482a2b3c96ab99b2b4c879523ec2786812cc59d3a51,3,8681,17030;19166
b25608d940443147e62b6afb593d20878e7a1657e161ea6b1e0f90e6b4b92ba2,3,8779,18801;20148
5dd9ba23e2661ef2b40e1ee8c7238f2f50e23b53fc8e936e7c1d05de545829e3,3,8962,13457;13573
0874f1efec8238bccb6b9d86daea70d8e2590921f62c6dbf9d26dddb27010834,3,9020,21004;21008
0e323b30210be339c830a83bfa34b8ec60077b2eb8f58bfa39a8c8f4b778fb0e,3,9219,12889;15985
30906b68852a8c0ca587b6d5463abe09b3803148e8ac920caed39b30c2c2adad,3,9408,11651;12970
bcd59dcacfefe5c42ee7e99592e4befcd842a5b4d0c32b0fcf5f76be0bce6f01,3,10328,12775;16341
5e85b926e8a34083526c819efce640d242d929de960576bfc450e212cf97f302,3,9988,21789;21866
460997cf513bee2cc2c6a26e821f994486cb880b7b80afc37a82b79f5707be2c,3,10444,12842;19133
41d1334fae2602a43a1ee98d3a0faae97d8022e827fbe59a0660cbe6bfe563a5,3,10644,17704;17753
7c72be17b4f1b17514ce4014665472c6ccf74b45ef421d24d3194677dbaeaeb0,3,10859,12526;16763
1eb7da6b8aaf495f907f18bf9abb9496118d4d487a454e110079501f9a931c7a,3,10866,11884;14145
23c9a33f933f5d74965f9788fd1e4ee5d57a13e8a733c1a1a085eaee4bed8708,3,11144,16385;18303
55230b73759b9e8e1495d8ef3fe83cae95bb2774d424feddef3151b9514d286d,3,11612,13284;13649
89090ed688ca83d37cc7ff387a1aa14978232911f44b0c15703312235e20b991,3,11520,12327;20788
b034a19fcc6bb307eff25c967c40fb46e3fb56fd96d541b5f99cf1dd0c932458,3,11540,15855;20286
b74a0d09a1aee4545794f6747144a959d1a72d19b9abfc541232c3720d302ac2,3,11761,21877;21948
f77feb82cae3b0fb58526ee3507b3e0f14a33750933d5542cffc4d97bc242b60,3,11944,17350;17789
9d6d03b79dafbb7fb07fa834c1218dc0044e134a485c9b1121fa056f63cd98d9,3,11964,18839;20787
a7e20d059aeccf68187f7ee52f502d51d522e9ab2eee96f5c7b9860d3c4c1848,3,12715,13751;16768
928b23833656102954e03c095977c8aa639ff0675000a59c753433468c308ee3,3,13159,14243;15443
5d2c4abc85fb10b8ebe11330c1101efd3e8d8dd90ff5222efc8a27453300b7b8,3,13322,13530;15301
b5d2b9de1b604d02f3cc99c8d18a5fae64692579a103e125d263b798dae34c79,3,13393,18478;20919
f2a8ab3a01de9186a0a3eaf82b0a9c094b290d3b1043cbf2776437947252c957,3,15845,16315;21160
4704100dcc9195de2d40cdba4bd5c15b2e8f90dc7d81074008cf60ce6917c577,3,16534,19015;19893
3dbfe9ee9866b55cafd311745cf33d5bbeb78fb31ccf18666765d0a3f9f12c9d,3,16438,20202;22103
8de808dff0d143a63104c1bd444638c0340aeb3c937308aff2c7257f9a41f87b,3,13973,19156;19491
458eca84d0bffee31a8e2194fbec3a96f664f8baca3fbccd07c5df573aa87c3a,3,14063,14763;21855
b8a96f8778d1f07424608b7a67e188baaafa213ef468ff6d7cc2b6c78673cbc9,3,14630,17793;18755
cddf6f99c02f35229b94ba79ad0ab4ed48a2e2397e7c6a0e02c3837f1b2e0a4a,3,15216,21099;21287
11c6048fe9758f21c36017fca06d99e0b7e2b815c6978e846b683f834e21bc53,3,16758,18105;19316
12c992bdb5403cf3735d83bc8db2673516081c69225d06c71f39a80538f22ed8,3,19118,19975;21296
557d88a999e0ebd80da2d9ba3e7e8a041c91ee74316a80a26cef932f1f5f1da1,3,20568,20784;20999
188d35203aa2c16d323de54fe897c0705846b67ff3f4e32e07d5f3e13433ae0c,3,21897,22048;22262
a9183be4e1897e3e2daefd608a5e26f50e74b2d6694abbfbda717818c93e2c2d,3,22017,22092;22258
ee00a37b0fd46d5ab9ad2171391e45e802a83705a17df5e0b1ad70002c095727,2,14,937
e7dc2a08888f597e74b893d4d7ca9b703aeaf4e6a87718a23f9e52293517a0dd,2,19,21627
1cdacff34ef62c4a8b56c63437552a61976cf1c7be6cd8274feb27c67c64fe62,2,29,17629
5b7f3aa5872c9c6594fb398013994501ae8660b8d341b6d761712ba874e15891,2,40,14986
0ee55204db46382528a1312009cfcbb3d3430c3d092dadee0786a0d33f463f03,2,59,6329
90364a00f41860ed1e173699fc48ba61c53440a39ac9e3a035b004f79f14f056,2,67,4944
d5709f76d67ad08e1bff9aada1054bc15cafd58dd4b4d95a0196610ef7e15148,2,90,2319
0047318e6d361f647f5d7d63c9423022f7b26c21f3ee2d353be720352147de47,2,111,1223
9ec80d6bba96edd7bc28c1479e3eb1fe7684afebfb3ff38b7607a564dc528f7b,2,122,17955
e279075fc16529013ed2fb96c5033903615fe80aebd47ecbe1b641b47b3fbe86,2,128,5497
6f57a64232d84c2d4211f92032a8df45e0cc57c1a61fc92a2700d359bfce44aa,2,130,17484
99cd5badec6d93cd672244a0518d6f9d4fcb69d509b73a96ca39f91f4023d955,2,143,19889
0187c6d7d31e7f6f1ca433be0de7e540c932bcc703cef21be85f63bdd56e92e5,2,145,9521
c0bccca55e4cfc32567bcc71e4d0967759f862a9d8cd7544b39d65c989634812,2,169,7289
54b466a3366dcb8ea0603763d638ea722850dff126f8e82fa6b4d79ff068529d,2,176,16935
38c68339c8ec7ba35c7f0f00450d81b4db08e5e567fdfeea45d5eded5e4e9e9f,2,190,9564
4f6ab873f28b53568df451160edd73ea19bb9ec09e5478c16263aaaacb143c27,2,195,343
9aa457a8aea83145cd124f026137a6f2a0c5c2ea7e759abe9a70a01584468ade,2,293,9915
8d930ab88a5fbd53b3c97cbac5bff7968d493dd24845841d4dc26a3d83d3ddb4,2,318,7162
d398923b3ea9f947b823172e12dbe3a861bf23e8f13a3424c1b46c4c3bb18080,2,362,19512
49c7d1d31178cb93518be7909fe176e32e9e3823260b4f0d8e39b6229f23aee9,2,365,16804
33496819c122aed656923293997efcfe0ffd36b83015afa364c4ddf9f50df000,2,374,16828
d77c3f0409ffc73e236016b5d2de849d8c973917860ceaa8cb01e58a0ab2015d,2,392,1480
dc72a241b86c9a756fce16268b0730f75fc87fcc3a675b00e38e85c095be7a6f,2,402,10627
a646366955abfd79e6eea0a03d291230c8b008297269708375d2b91a9f6e468d,2,428,10332
365bd0e6fc1d5771dff1fbb0eb54cdd8da4894c6bf01d16f913d09049e503473,2,499,9491
436b6d25047f3594f12963307158e0207c7cae47f6f9459a6eeeeb769f11cea2,2,542,1528
480e50db573b5322cb01909bb57e2496e8504e27efbba783cd8dd668bc6a7094,2,591,21328
aca025fd692e8671a2179df624cfcfdca3cc606a7ca8bb50db6ee3efc63126ab,2,571,3115
0794cc6c3eaecc5a078cffd0d2475eba7dd0814f1f3163d8a320defee44e27b0,2,616,18027
5eff93bbc1f74c2c9d26e9d8a53a16324fdef6ab2e088c7a8f8bc4406dec6f10,2,622,4618
be95f477ff0441181c5cfd88bc056130d4ca481a22975d6e707393c541ec3000,2,635,20532
eccfcd7b68dab3a1e7e9b1a914636b01abe0fdba717eb216452c0380773c56d2,2,648,6824
d44f3421e38ef471f5c9a387a3cc92b7233a5bd493ff196c6d2eafa128a887a2,2,685,19454
114efdc1c03361159d055012d880a0215e37f5d3239d157512c9d7f1b4c79e06,2,690,22123
b5cc8c9c1efc7608ca94bdb2352fe0076489ade87f968d401c26660799226210,2,700,16981
eb3a04765ca88426ff3fde6d23e2bab4484084a6454730e655af4e0a88cedec1,2,704,16887
45e0f51c86162b52c337986ccb8fddbf8eb24ccc38402ab3d31ea8376066d0e7,2,720,2584
a9680380b8181a053340e2080c54e3c58dec6e3a4a0a8e664231c163389dce5d,2,752,14203
de0566fca72c4ce34dd72db283fc473e12382640b100894697652f2bc3198cd6,2,781,4590
31ad33ae973c5832a9b4da5a4c1d80994bff57d424ec386dd8be486f14ce0ada,2,802,19050
fb37c781ebda81a01e4307029e82a54d7be4532ebc0aaff466e866dd61662535,2,804,13567
55fd3af0c5eeab76a2b4678d8fc878edf447e7ed73163bd06f2cf0497e4e7d5b,2,816,19556
9a3755dda2c6a810b8f58b8e7b988a84bc7e3c745d294517de3e91816a99c676,2,835,7503
b9b5921b2de1a5cf174b00d48253447f24db6638e0a714be46950701d7e124ed,2,842,2121
0eea0f76d1c5176e210648949aa53105e3fae9be9e81294d6f56c74a8bbd7780,2,854,6835
19e1c9b14f776d10298216feae12b53cbf5cce3af20ba6b567270522cddb1f77,2,861,8112
025eb8c3f0b41709985ae48e7545aab2e224a0495b63ef0c0cfcd0dc9f25e8c4,2,873,17947
d3084f76d570b276af87cf7beccc7f740d3af8a506674ebfd233adfb2e49588f,2,879,6631
cddb751377808a764456f635ece45c6f916e4e01b3e4bced8f50a047f2f76ad6,2,888,1400
05d3f534acd5dac2d4ec02117407425d5fd5a23fb0b45e160515fa8fe416b16d,2,890,21450
299ae58666caedf0acce452f24b6eeb0c66506c40e70bbf4b214e361d53d4e3d,2,914,18514
736d00dfb974122a7596b8b5c44967ad89fea28f18ec02e2ff562b05f2cb0ea7,2,921,18672
402e577d4858826935cd0c0d5466974870b418ebec336a6398c28937d9fd35fa,2,954,8082
ed0672f582c8a64413fe6cd6e56778e4251df78c1d56fffdfc60a6163faa2b3d,2,960,1848
d527ad1ea6f73135160835bf7558e2088c03c7a8cee8e3adb46b1fde8d6afb87,2,968,10807
56abbff1336e20b64cdbdfe4cf5e910681ddacc70cd35aa4281b6c5f343bef7b,2,996,13584
aa68ba4208483af71b7b38713a249f7bd7be8b709eea85960c7873ba6a1eee38,2,1013,6694
6b6463db14f4e1370a26ef9981f39e301987be42e98e39f12e80f27b34132e8c,2,1020,11417
0d1e2253aa1f916c1ffcb6ff7ea474510f7ccecd91e0baaa2c7a7f689a5c943a,2,1022,5064
6ebe9781b2985c46eb64c12cd1164d0792762569ac7962d972003b50239b2d6c,2,1027,16114
29772ee6273bffa8671bb16736423dbca6e37491d8f2836a70d095e27724593e,2,1028,20815
090bd0d31f097a7973fa5ff978ddeeb884f3a2033244458bdda26e459c9df863,2,1032,11147
63e824b327a59368c1968a3217a32b6611f0fb7d73cec25873520deb5ed7568a,2,1073,20849
d3f7c175b85144401d52ac9a6203c2fdb779fa5f884d265b94f69a1a9cefbef1,2,1135,17316
2c6720d78fa5451a5073457fb7867bd4ede1c0bdd4af2988f4d2044d015892f8,2,1219,9457
a161d5338e3d91fc5f550215bc77e3c4db7959aaf22fa5dbe67a132a70dfeba9,2,1307,6704
20e74dfea38571ce6e4c174bcd0f78a10928ceb882d19e10f7a74790f6096a74,2,1445,11922
1f275fb3564e4c1eca897c40e98b77675376a850c8a67b594dc563179c6cf2cc,2,1132,11652
e2a3b91be4e7d70e2f63648d5d6c3c0032916c990219b55ea5b94cebafb3bab1,2,1127,20381
620407cda1812a357ffa1c49e67e32313305520f0d4ca28fb7fbca45121a5a0e,2,1128,13594
69aea3b2a64705595948b2632359be9843eb0416a233f42399a966c397b4e5e2,2,1131,3439
34662bde75e3f376c881ca5a2a26cd92ee342cdeb5a24cc18f93c1f0e3b6371a,2,1160,12065
a72d7aca43c88cc329f4282eaa7e22060e27b80a02f70415a9ef9f8e981a1eb3,2,1179,4468
fb9ee26686ec6b93b49d9dc09f62592cf9f38447bf1854e78348c3c0969e1b9a,2,1180,17545
cf137467d94a3e842985f4a039ba87d603765b3d90c7b3234b5ee580a41230e7,2,1222,8271
a79bdd735b49775822ed64d82c1e1b5efab1381026c530c72183a6414e4638c5,2,1261,7434
fcedcaf1806d36a2d707b6e9174c40d5510ead579508756051e1d9dc8bd16690,2,1277,7936
483a259565a91f8e099da202a96ce249b37254968a4aad96f2e5166740e17376,2,1282,4828
54781da1c6eba37f1703914bc426bc39b51dc40a0cfabfaff738b9369c167583,2,1288,12791
3d873b1ded856bfe70f3eda4a3e24bd42c5719b227c48eb6165bdd1b9abeb27c,2,1303,7167
7ac20f3c0c11c0bee372248fffbf284ebf0e4c908218ff851ccdf74016c6febf,2,1306,19138
187669beb6b1084fb3a6237f62e347cc43667eb8486972bb809938b762923ac6,2,1313,6728
8a936cb1a6b136a320b535853b68ad595defd34585a24fbf7174b1669b415aae,2,1368,13098
5756c8b55ee926b3708c5a92369e391995ab9a07a3e16b2b1ae112707c125d7e,2,1370,19462
e3f4c3b11a84c4054f970d34b5c61464f79e94f263bdc664c8faaaf097d98744,2,1377,15066
43763ded0166cbbacf6dd8d9a81b95a23c36a4d8a18bd9ac1c1532afcff5fc8c,2,1389,7383
31a06c3dc2ffe0e85b829921ee89831dce83a3c63869486fdeaa4920321b939c,2,1423,10045
88caa7aa0292a6ad46a271fedc0ab652ca846f3f6037b35a400ec25029ed0e69,2,1462,12884
822ef4719edf4c5661398a104653e2e70b3c76529b8f1f79547a26db75e7856a,2,1488,5225
8b77a1e0707c910771934b7afe28db74c3973f7a90844b8cd0dc2ce5eb2e8a24,2,1512,8307
1d14d85e403d66d884d5223934a1626b0d4f2f08bd8c8189cdc50d54b20e9d93,2,1530,11026
088fe5e086490744601b132bee2a5873cde19decb16ced5ad962a0d68304ba11,2,1538,17914
05b4583202c8bac9b9894294eba79f59ad061d68e5a56aaf07298fb091a99ab3,2,1585,15208
c88de102b69ec90505ce7c424915f5342702ccf3dd7b37516dafb82a64424659,2,1586,21357
366a1ad885089a839e986263980e4c79402fa526b0aa33de885e7367e8cb6bb9,2,1591,15872
def5cd60e8740b397418f4ac6fed0e1683b1ac67ccae6d21eaea3c946e8edd82,2,1602,9008
9306018c684db1c2a4336211ce2b8ca984a21eb9e44593b52012df01b01472e3,2,1612,20721
06d48888c484eb42afed6f5bbe982c3ca613e229145877b3e65394762aa53257,2,1621,18330
211396556af02f41839d726f5ab871abddd0fa9b009c5231e4cc8c56fe797941,2,1634,10677
01a782d47e10089a621a0afbece7d7feeb00a1491b45761f9c9226759f3c8941,2,1639,1845
bcd91719313a60406089d64bd516d6b75995f2ed7f8a2a9b433840f86f1ccb1b,2,1660,13631
425142d4aa761e789625d82cf7ec434382294316d8caccc819df326ba0bee53e,2,1704,10051
55958407df0de6e697a97dec4e32514929095a595855b48fa64030157e9b6761,2,1718,19487
4ca6af30e13646b22abc4315175030cc2664f4a744f98adb42d12540e672e3cb,2,1727,11405
b435efcef6790121e1470558d5e07d94a3228afdc4c748cfca55efcf7b6510b7,2,1779,15005
8ad17bd0670aed794cfa83ad1d0df6629b74d15af74bf3117d08ca71ce5de531,2,1795,12389
62d0c201a0d30ca91eb93b2f20342d6bab1b8cbf16826d37b973a2e2dd4d952f,2,1790,21681
909849e05b7a7bdb4760fb7ecac1e291eb1c1ee4de88dffcc8ecdcf13666fa41,2,1802,8305
e4a29e67778cb2c26f2d880962ee88c6212db6e5aad519e75264cbd05b77e91f,2,1810,2329
5c2e413b0d36dd567acb88284cee8ceceda74fbc12ba784b44975d2856dc7738,2,1843,20682
e582840efe30202d168f3a25a8d8055d4aa260db4d1a33f7868b08dee1955fcb,2,1865,15676
eeb2abc1ba4b74dc64425c00b0e9cf19582e8e624af7b52c3d5b0ea6fc9b3658,2,1872,21819
a083cb14f3b3062217f259fa125e9cd05b3acf0b695c151d8c985a01821bdb7f,2,1896,12471
e6f4fc74f314319facb9af50b32644c50c85150808249473ce25e7adc3c3897d,2,1902,10696
263a279b6a87bf710353b8491153f6cad30f88755259ed838a9a0fe7dcbf1013,2,1908,5153
b77ea44cd9f2428735ee15b50fa03260d430c260be683122471947fbdffebe35,2,1910,17896
5aed95873086aaabc459333a6313444e5cfdbedc5f66f051ed4822c108121c02,2,1955,15537
14544efa81d0c26b0497350d7ebcac7aec88a406593a82d9ac76f924e0040db9,2,2058,18742
8675f5f336c78c2ba7bd92f6a19c2aedd93eee64940a55df28add47bb6b59e38,2,1999,2343
6d0b9bc4d4c3b629f68624f5f57efd2bf22f2b58d4a1892124f118a81cb93355,2,2050,2422
b48c24c019cf068a3b8c679f9d25387f93f5db37ec3a9ab913e0a02cf53fa3bb,2,2051,14849
65aae65050da6a4589f53b9a461fbcb333aa0bb7b0c7f0e6b5c4c20d16aeeaa6,2,2087,12019
50ad13bd68ea8f496aff9641c5992f6b74b293476fd0db6f47274509ea4b60bf,2,2089,12285
8fb446b64186ea233bdd1850ac66833a60fe7073747105921b0b7e701deac1b6,2,2102,13796
aa7b60e3623c9494f02a1740c77b34d848dd8ff4169fea2a28c568630f733ce3,2,2107,10333
c945eb245e009044d9c06933d61814cff166664a1d0237073f187aba44fbb676,2,2153,2327
0d69acd63eb1faf73ad37085b2ab5327a06ef252c1327de7833a8b86e365d30f,2,2224,19787
806a48433c81330afb12b876bd431367c1e7989a37cc8936e85ce2bb12bf51e3,2,2229,4046
4a837c252c994bc95dc36ec2077abb90a76cb5acdd78ad15ac1619264b9bec1a,2,2241,4197
d113f4b551d97d1cd70c47b239bb65fd513bb5609fa3771deeba7806bf1b0c10,2,2268,12319
73756223f7df5baf0dc7de5ab906cd39990776a2032dd1a2b03e972b3df40ba0,2,2283,21279
fad1e7f84ce19005dafa5d1699d76adba3709848ac6e6e458dfbc6a57c53b554,2,2294,7187
2a7870af53509688c15dcf4dc6b6d84f802fe4c56f2b03ce9efd8fa267099bf8,2,2295,2572
1c9d0bd9620ebbcb01ca3894a3d3b85c07deaea91c23f0d939fb719ca4ffc68e,2,2298,3869
697f6dad8596d95e738fb710314c539d42556a099cade8b516906442b25ba3e4,2,2334,16629
48a99ae30aa79ef8a1a8562f6e98844bcfe8a3ed938275b1ac5ab80c38c72b21,2,2382,17482
a53964315fda72ade168278f1f5b0eb5513d4cf551c6ec0816be0a65bc489afc,2,2409,22292
2413218405d44c76695b1a620cbad4eb44b8f766525735c8f603c6efa55760e3,2,2463,9380
056d515f8a9297d4f7e5f43827118c2fc3a516d8eb7c2541eacc9751c42a5351,2,2471,5894
7f88ddc67660c66e6b4da363da4084b52ea53a7ca4150cab030013da27791dc9,2,2515,19671
7ee1f13f2cff2dad726a84f237362fd5f2714b6a5f7602ac3122b9bfc178a1b8,2,2524,18230
d91f3c28c32d55c5e1d2934c124955709d15a94c700ea100255e20f75b65d2e9,2,2532,12682
a39e171af33739a437ae442008bf70539ebe427a921425799ba1658df8ee7678,2,2603,15579
5bdf8e431180d6a21faacd9126df8e0f842a71e1c83032034fc560875fbc8bf2,2,2625,15085
e4a61121ded33344fc22710b5f8b9e0e0d606ee9b707dffceee20ff9e5a9d253,2,2676,11656
7fc270c0040d1e07958bcfb326bba15d7750768559c0acb195eee4727983c316,2,2677,11092
12a5875671474a39dcc37610c9325c6b798bcb11eec5094958a3455b015955a8,2,2715,10911
015beb8e93a31dcffacfeb36a78508d43679086f622b29ad71eff1c2dfbe981c,2,2796,20982
e0ac7a22e7136e1188e7565e14223f542003d81cfaa734206bfaca397d71b2c1,2,2811,4128
484b08f8a0ec29905a4652dd10310146d4709b15e71432e409aa0461ecdd4c42,2,2818,11401
bd2b21ceca954b394e6a2fce9a0685457cca14ef360c25cb05d89168db50eff9,2,2828,9659
99f8a4f14988f32b626d3d6f810ab567bb8b4023587b545020ac27bec213393e,2,2931,3937
852dc62f8a304f3264062a19596cbb2ec811628d5c6380d4104bc0f9fc69fae1,2,3015,3557
dcac77bd3e576c444d9d80b4c024b98cff1d85c5dbe7b396f45633dd5709d7b7,2,3018,10979
e1430a25096adeec2ad505b9bb906443fadedf0ab63a72ee14abf7628fad8dce,2,3055,4755
f88af034a963ba32e09e9cfaef1b7799053b7e650b231d5725547835d33803e6,2,3062,15671
123a87a460b39d1ff49ea4933569837add9b9976a73f630e95fb89293f92affa,2,3081,6519
d2eb1e70c30b572f77dd00fe037d1e9e9038d12bb91df4988f3a1381773793bb,2,3104,19429
8fad3fb440ba8cdc2bc586c87e9537169ded8ef21935bfde429a850241c0fc95,2,3157,9420
095b9db92e87ca6c40bc143e082f369f691c6f781c6ad1dce20672a8af5284bd,2,3210,9130
64b8533f1f13e6dc945d4d31a9013636985538b46718ac87250b1982691ee9d0,2,3276,17112
1cc4049f9bbf7e91f37283385f1c88c15bb8e6db64e8029b509d197096cd9c87,2,3317,21419
de14a2d595854cc9782cfe3372e182132033f926cbe0eeff65fed869c0be5f40,2,3323,7939
10cba7e4682b96c727371dbd257bcb53e7f07746f367ab90a3b00739a4cb421a,2,3332,19020
64986f23622dcbda9d9c57a70a48db70e1afd4875076aa4a248285a53ef5ccd8,2,3333,20175
268cce7fbae06e890580cffc563c52a8deca5abe46df6467e81f18771a0c5212,2,3334,8026
a30b393d83b66844f2db8a77f77dfa05577c33393795cc4f9a83796871945d1b,2,3412,15883
65ef809d0c3ab77192c46c9eb68b97dc43118c9e133223a6688d8c37133e6ded,2,3425,3873
b29c5ea8141df2a2d7f62c2c3963148a8123ff03a1b968970354c06ca3ee82f0,2,3430,9540
5c2e67f830dce298812354f54beab31b02f139215eec39bc8d964e13f726c1cd,2,3441,7301
057b7cfa866ab625b9b516fd79a1617a6f3de5129a2eb5d36837ff535cdd9ec8,2,3449,16600
b1841bea53950b3b7d4f25b0e386c5aaae6daaa4d55d91bd78415d7e69dcb62f,2,3458,15503
05b597944322d7ef88a792ff21539877f762a66b65d2004c405419a69f9f8be1,2,3462,9401
143abb3fdbb2e4df8ed7c66d7cae79df8704f833448abf0c91dee2c954d1b494,2,3467,11337
c184030fdc5ec8757bf57750126cdf3411649670adab748d970b68dce3db06cb,2,3476,12921
b85a8e6b3a3d85f475107fd8d169a613813d355a2248e2f0f18be0ff093fd368,2,3513,16943
41c6a961cd2ac67f8b29e331d7a57234e8878364fbddef844de6d6420bf3b9ff,2,3572,8587
e7c06fb44b0ece2fdb97d0a21434a8f998ad76bf2c4be546ea8ee6e1357eb94b,2,3610,12973
166f6cc22f63db840c7ec6f3b23664eb8b3da2971ff14f03522a48796c8e2ff0,2,3659,15702
264239158536633c09ed999cf29af1256a0bf8d164ee53fa3750180e6e0d92e6,2,3664,17605
f22a169ab55176b30edce0ca707af987d7b269e5bba3dec7a04c696b0f153f8d,2,3754,19880
4875a63cf3e37ed8a83e5f89bc7298dd400710059b617b877f8deaf0ba5be81b,2,3784,7030
70e4bd42cd26e6b4d2e4eabeb4612f616afbc928ff1e7da51f3bc75ad2ee5113,2,3811,4679
7002b3b2c926a1f4da05c78cf16fbe3265f69ac25056df6c3ef596975a0ae0e7,2,3814,7272
62e169fa7864188c60e77d1c062312efd820af82a781f0c4caffc3218f643c49,2,3820,16818
46067aa79307db24cf02c0321754c940710e33fd288d9d978dab120a372bb52a,2,3827,18108
66423d5122013319c84b5d04cb276626659406b9007129e62c977adc741a3f94,2,3853,5696
8180e774b15548c8deef603a726626b2031cfd5159456a013da28543d1a948c9,2,3854,10393
1ad16a2703f7e6b303a2f5b6ce002c3760145b688a628669ca9c8316e794e38c,2,3872,19682
070f01de0f009f2580fabfa81efc3004c62988e1d223aa3a1395cabb599d25df,2,4288,10765
360335b80b01ab850edf007589eac56d28c7fd5e751ecd01ba78db442385303d,2,4087,6990
f4a647b43ad92abf3db8f1c74475e9a8046c390dfb0b957517f25039ae8b9548,2,4121,18265
bf407249ed89898beb7869f08cd2c59ed2de71bd3248894150a75eb208263a6c,2,4166,12214
c059d54e3dbaecfbf4904dfac07427994207638aa263269965867fbff36760a5,2,4171,21758
15c663affc015eddf197bff94b93dc23f30767288f00845aab105ae94f5a8c28,2,4194,21226
7853cf4a654665efc65a5dc3a87bc2e77f3b61e791f1f4ab55db376e26e82315,2,4201,17013
f331b726a7eb4c115cc98e2dd801fa27dd590220179b9f17bad3f7fb639b20ae,2,4206,18310
e317bca573ab5c83c4ac2cfe71f44fe2353c49c859aadd11f90b470179926f6a,2,4247,10225
7217fb2e39e8c0ed06351dadad43c694642a95425a53a28eafa470874026e477,2,4256,14655
5258b4dba8b47896cd069651771e6fb8fe37ff26ea25ce42b4ecf49b3c00445c,2,4389,9255
24a0476e4863b138074b626100797909a0b732e2d2816824368650c6a223907d,2,4401,6849
c4d3a99a3d86fad3e01efc09df57bb1dd2320017e61ace6ab4e8ddf0780a9b14,2,4419,6093
e81f1b6fe2a2231f441a55da7189eade62134ddfeab9ae964ecdb63b177bcf73,2,4432,11811
8250ae246ad97c5a7cafe7049ba7da3b7a5cfad9bb11cac1021a58016a8a77d7,2,4457,4859
d86096745821673f145b3592b9a04af2badb04587154a498a5568c7fcad8e57c,2,4482,9661
9f6e94411325dfcba6390707271bb8b310b55f1d5e0a57a7629541fe84d85149,2,4490,9886
7007558ed2b8966a6f0a6ef7ca14e13a22c06ae16547304d30c84a0f8e22cbe3,2,4494,8784
262c666feee2918b2a1366aacf05261940c8c55fb1df24604d0177ffb9682521,2,4499,5624
dd008212cbf4ffdbac9ffebbeeacd28ce2091fd770b1ab670c8a9404393480a7,2,4516,15322
e483fc59925591b13b69df710c94a0683ae0cdd43f178668f2163243d5626c1d,2,4561,17658
bb48586243941080fe72852d7814ef0c93824219be5e30daaa251c7425b148fd,2,4579,15719
996c8aad0fd2ceb91eff23a2bb33c92d867d5625e4c6b7204af837ecd84b1947,2,4624,11188
c1c4e16e9d1f86008713503ecf6bff85bc105975776a235641aaac3e990db286,2,4627,10088
4e5af3c141dd1a8750aadbd69eb685e09bdc47a117672ac8569a018e3484d08d,2,4645,8220
7c046d5c897da05d2c5dd43d7cae90c336fb184b43d829e695cb3f3209c1dd39,2,4655,13916
6b1af4805d152038f03a1227dd2c34e051e5d91781322fc382c0f3d9fec61e71,2,4702,16849
9daf068640e701ed9ef7af0619ec73c5b3c203e57a911aff4ed3bebe5310a6fc,2,4731,19023
32c70c556cd470f3b2d20fe9c9867c9e8491a0e51181a28e82ac396c6547118b,2,4791,6688
a0cd35a279f0b613f177db53b0718fb886fff0a1187acc3b47584edf22ad6e6a,2,4792,11056
8fd54700abcce0c5d23ed4aa4599c98aeca3841d0c7a89d5e391579cabba6193,2,4810,6600
bfbdbb772c81b568ed6c961f4bb6e814f2c3dd3c8a8495fc0698f69adcbe4588,2,4826,11937
853e4c89b8a02edb1db591b416d69323bef30cf14769789032b2773dc8e6c478,2,4877,9834
3925083d546b0583a584986f75803e8e131bb0d7b690f2db5d4445883223d7d1,2,4878,8708
815795f31b5780aebe556bdd84e2f77f95aaf12c9ea6874ab9e72955b2d978b2,2,4891,19158
510b216af2f49bfc08a0a2c8a181e1b793e30efb06ad1dead41521c8489d9e40,2,4937,22006
82e145b0cae90c49fe88ee4bf6d0cf2cf9e602f2dac61a9bf41c1525a001d6aa,2,4962,13167
b584ce8ab3733e0516f3592c4693f2b6baf15bea12681a139a0f6b431bf4d372,2,4969,19713
4c3cc006d7030921d7fa914e8c44f82c62436eba857032c3c20f2361376d3531,2,4971,20260
ee19027041383ee05dc9df18fd65b6b5cb68e8370b4265e5c9119814f4652938,2,5057,17154
1cb6fb9d9082a406fe11ed65528d929e97ea3ade37165b833ab534ec76e2bdee,2,5060,6358
ccd49baa3b21210b94f5f72fb4a62515d9faa41d0e226493ab9d6d8e30040d03,2,5116,10064
11bdca656182a5adf3413f1091ee52951c3d8ccdef2bb57fec95b5ca898efd0a,2,5171,6451
faa817b978e3db8499821d06797a5d656561d16e9389836e5b4cab3575bca823,2,5188,15333
dc6156fe59f413e909389a38fe4a65d8cc5171355422ed45e58d60a0d0470732,2,5237,6402
ebeaebd6f8601a7d2ff2bb507123d802e199570c00dfb8344300fcf6cecdc2fa,2,5239,20851
eacfacdd74434a021687d15ca5ca8925f47f6fdb11aa5e4d8c66b73681ce1e54,2,5261,11335
3629d0a4750649cac01dbaa1c9bdd6f06ceb934b8449abf4a7ed037e72a11a2b,2,5336,14199
e1651b5dc16fa94bd4a7a50ac7821a88be9a4cf8c189612922451a328438a598,2,5339,13073
2a0f948000d2c28e6cc9a2b253e21832f3488681dec89b9ae2fc242653089af1,2,5340,6159
cc0b287d245619cafd52c7766138e1896f28fe784b3be48a0ed2e6b9f818d79a,2,5352,18074
a669c8196b2057741015fddac676cfe0e561899c089059c429913645ad2b28c9,2,5373,13737
55e6b4662d116e384e4aa9a79ea42a8c8e37ac2cddb1ed5173ae40448acfcc9b,2,5568,9442
a5309d0580aa93a62092354872f1885ae0ef5d44284b9739f05fa6fb4f7fc938,2,5671,13173
0f7ef78835cf4c2ddbf9e53baf7e6e7b376b713f718a2191dbcb3d24f9f02f0a,2,5411,11959
cabeb43e2c638c88f5b0b353a6c5f8fe165b4067ed1fd3da1206a7175160490a,2,5436,13692
970f796a43bff8b2ec7c6a50cd8c62093d4b3badda1541d809203a9cab3600bc,2,5442,6764
7617a71ddefcacf5ecc8d6652654c8f58eaf7b13b92b1e2863623c10648abe85,2,5447,15155
d7133d4e83c81052b9d8bd874de9d63096a877fe019ba4e8d8530a888c43f210,2,5469,11486
59de15500177759c3d3de1518f8f56ce620c9e201c4bac9b22de340aa11b1794,2,5516,20718
55787ece5271282a46e3145ff4e517cc9e8097b239d1b4e84ffe1955963280c0,2,5596,8116
8e31bd02050a1ea6aaec7962333d6bc67ab007ca4f18dc5bf9b3ff67fa037121,2,5598,18294
60604b360ac04716df5686df6942698ef7e3ae69d4bd074bfb32d48e8c545af2,2,5642,14470
20123f8de3456d37fa7501ce5e3393049d35a0bff8c3ad96f77b60abe811f763,2,5750,7561
211d0d2a2ea122dc74eff03522af37f918881c8782f5363c41f6151ab3e932de,2,5756,19418
dc2719348977390b1b5cb0fb5be6a19158908208682792dada032ed41aae5ef9,2,5759,17266
029de3e0e4c89324a4b7ec598fa10f28499c6e6701581e22940583fe308e5566,2,5794,12397
d5df249acd6ecf6cd457039af4a61b6a48c3f901acfb675e785b273048a56f71,2,5795,17023
e84333254af51429204df1fb33294814e02f71c395f622f07367886af3c0e6b6,2,5797,19012
a6ca64313d667920424e8bef11d905f2f21d5e36fa7ee11ff75dd939bd5933df,2,5836,14099
0c0609a0065a2e3b7ef2559ee2d0f58615fb3e0c4c0a3da07dee2216360b2dd0,2,5847,6796
1756e5fe7c24b4f43a71dfb6e720d839d603e03c6a9041c09946604b23c4e067,2,5855,13228
f53d0655048ee174f0c47f1ac8a07f8f9942786647264d9816596371ed9a103a,2,5869,19704
a76b0d4ff9838231278fadedaeae17e8647238c338b3e1389b3ce68d602e0754,2,5890,19416
8e618f6e5f637a6148bfe00962557c06643a60216925699437b6b30d62e87ed4,2,5908,7810
386201426f22ff7592383995d6ab282aae624afc36c998ab35afa004b7995606,2,5911,16913
fe81717d8001307c4402191939890d6d65f902c76d688726a4946dae8a57f165,2,5916,9295
61df1149948d2f8b959bbbd3570dc41cba4de7b6895d48506e2fcb43a6d087c8,2,5936,13559
d43c1eb33371ca6948c2c712d700495d2da4abe56eddba201bf0d4912856366b,2,5941,12925
007fc8e2065c06d76b2d6591c7310dada8459c072013618de8471d50552b33c7,2,5980,14189
bcf84fb6f78ae53ed9800dae4d3946022e0122e7e1657fc6b2cb4e53fa74491e,2,5985,15357
398dde2be24d859634e860a2edaf72500d8a3608a7323a8c8dfe8ffa7fe9e3d7,2,6005,6911
6f9988de0d658fb2de71caef73b26afc7d84e34c426b8165e94188e0dd6e646c,2,6055,8720
80f5c4c84ecc29e9893410173dbfedaa8b329901b190af93b8dea130d8743e95,2,6120,7018
ffc04a8d16b9f108369a436f710061cb6717cc870b0eaf966b25514c003f25ea,2,6212,16535
266764b226721cccefd4c6772dca16f3087c0b1491fd6b3ae030e7765c549eb6,2,6217,19028
0d4084904608c9d4014cb9e718e07a8f3c5462df5169ee595cb29ed1404bcb95,2,6253,19511
02a9400cc636d92e251de16a2a42f009a7bee0adec1ad0cbf23658aec8948b68,2,6279,14305
9f1917028a3fb9742b37907a4df19ab107e0d33cbe747ec6ba22456e1d92db19,2,6288,12814
f3678dc075b262a04e89d634f436a8d450aa4683bcce30077005da25e94b5f91,2,6374,16593
7508a189f3a411571512153e1c10ef7accb4ce5f0c981f9f828fe325dfe95cfb,2,6381,13949
31bf9b344ae29897a33923ddf07844d85b668f23f48cac0283993854b907585a,2,6385,21635
90785f01eb36e29cb1ba7577fd114c7add537dfd86e932aafc5ed19627ab0176,2,6436,17160
1117bb1048fdcca9a9082aee23ba9f9183b11b80fd0ce1e690b5efbabfc1f9dd,2,6452,14272
f88aa503940b3a23182e7b83bfc56cdb7a8f6a25d5a274bcb141bc7ad26e7fa0,2,6486,14582
e7cd998d66eebba05074b0725af16985ca1413814d08bca11da960df2dadea3d,2,6499,17344
c6756ee7e017e0c15ae290b6238535d465dcaaf006eed415bbaba666dc0963b8,2,6534,10461
49750d71a7e40b072e9b3733b1186fce0fdeff21df1f5bc403fd7dd2da98a5bb,2,6538,17807
17ed210d38ac33597337768bdcff9265e5d885c9d37ee548765247bbdd63662f,2,6549,10347
16fd0e8ecddcc5522960fa62701d5637b14ac67d33a84a112c9e4da20b3c07fa,2,6551,12362
1cba6de07fdeaaabf9f36c8a45197a4e4315e057680f3c7c9cd00bec43788537,2,6571,18628
7c353980d87a0e7ea34cb71d06120eef7290c4627c0bd5761084336230ec630a,2,6575,11801
ecacd7a195867b53e920bb08ae8c052b19da3cd103b07b03a7d6ae97e2557b21,2,6594,19583
cbd20b186f69bfe4e74902d68b51e85843a5eaf766567677c6b88d3d8fd096b7,2,6665,6804
9d1fcb0c7eab683572c40cc6192debfbe98ad7cfd1b815319ba0a521b03401ce,2,6712,10543
aa2f650083fec73888586eac586c9b873935905375348192667a8200e64c26d1,2,6727,21385
866cf127c27cb9fca72c29599abfeb7f1929ba8e2683db0d6f8097e53d9bb36b,2,6845,19974
fa2cc83f2d2bae2cf3aa0e8577d19a1d51b34e3dc1e2d7e77ea7125d5fdf25b1,2,6868,17170
5a0d34887e16347ad0339a81b174e29209a957f248b3033296df4f81fbc978fa,2,6881,19082
5ee89c8768e3c33fd83e45e3e0fda957503e56fc577d53feddcfb030f5b6e9e2,2,6942,18944
8e08f0f2b20c179fc16d0ca444f6dd70a598d535750f5442bbd90e8e0af2b9ea,2,6969,7964
f120ac418a2558ff8cd57a0354e4ee7b3744518623bd2e37cac0f15fc5ece1fe,2,6993,17408
e44cf1efe653c2b7ff0d610d7083ab68fe340534390151a23103516dd6d24cd3,2,7002,10815
f87be3a596bfe5dbd56f9619f0591ef4af74e3f9be747bd7fd256e11e798f492,2,7009,17616
f85ae3efc22aad38337197d0cd83366a7084db3a70262ce38fcbb5359d9e6a45,2,7096,14888
ce4ca0cd92b6de1ea177ea8857767d337e4c444a400ff9cd49edb9ed1f43237a,2,7106,19631
c2735f02faefc761c78ab2327c2c57bd1505a66604f15cae85dfdb1e3adbc9c4,2,7125,19069
f2598caa4213e9f7e5d42e1978f820446037da2f5eae7c139d64f2473273b244,2,7132,20307
e61158c639a6a89e7e25e7342c90494a07b0a48b132a12552e714614808ce5c7,2,7204,8346
33ab7bef6e0d2411e65b21f07c6cbf399892b1a464ea9acb0d57d26bceb8ca4c,2,7221,11646
3792b944839af9f0cb84267f51f7a6b16d4f2b21c3ad7007182acbe5d7c3c4a1,2,7233,11602
992c8357d2f4152d3d3c94ce7e5f248f1fc22899c807433a3b87919e812e0a06,2,7290,12007
991eb227030105c47f1c3ce2032c6edb52f3295d1d666b50913a2bfa15cac26a,2,7292,15911
d3d63ce131b9922d38b246f7d1147f9d4b41404c69bf6b1588a56a5bae20f5fe,2,7314,21670
476efdf8d32d3631f68a4c0a8a59b5eea68f9b107ad93034e583740b3c9d8a5d,2,7297,18860
4027c42bdfedc3cfe01b3be3761dc1f165da516908bc3eab226f26464c6eebb4,2,7354,15356
431fd9836c41290bc392c1a1caac51076779a24cd1df98afe159b01fc6614324,2,7419,9297
fd9d5169c56247f25005f927752078732d6e8a07a38704833753a7c5524cee2e,2,7422,9559
049720c88e2bf7139187abb6e66ee8d8ccae56eff60b2d6c35dcc90131b9fec8,2,7439,19424
0df3a9b97f90dbef18a8d9a5a129df46a20d7f43410e4ad6cfdb0f91d95af459,2,7443,18539
9aabe3ce198020187f339d2fd287bb37cb34078b109d7c946a89b394782b3083,2,7446,16201
6a450cdd2527f39743dd5f798820d0d6f9691e8d0d23dc34b188bc79eb0fea3d,2,7504,16344
bcce7906802870f0abeb33ac90a4f5515149800162f78290605a07c693b9cfe7,2,7543,11418
4d05848031afad24489d1f33d3d4a127517f5abe449e416006a0315c8f2817df,2,7584,10151
a22d02f7109fa67c95d0a9629f69230bb49391236988268cb4b6425ef4e01d10,2,7623,19674
b9d2e10041086865535f245ee0eb3e22ce4439be9628c1357d40875963134700,2,7680,17056
ec0a82641b5f829a76f90fc8bbfcad2c1feb675290c99ee1db765eb58d6dbe6f,2,7713,8389
edd08f0cc17a9012419e5b64626ad1fa9d801bb0a8bdda21698afd7105f3ddc3,2,7753,7849
133446008b430911aee516c18e064e04b8f181c81cd38549ab6bbcafd3070390,2,7802,11476
9e9ffdc14cba3a186381f19044e37251f07d72ee97a4ba11300f4ae0eb0908dd,2,7815,12101
73c93dd09828409e496097b333649b7da762bf09ab9f4fb3e54249c99659d566,2,7833,7885
bc2d8f6c1ee3ba989c4f4126115f41d81f7c1764501844f62f3f3ab679e43b27,2,7848,16848
a7f6c1b4fc44b9459b7d888d2402cb19d45798ef444cddf1556944abe4258528,2,7919,10875
487b298f3a157a2889bf192e6baafb6eabe226c33d5cca0ccdfbac1434488d31,2,7952,13908
f4d9cd28e1f68f43b3cad81258edf30f388fea7ee1bc75a1c288f8e562a2a3ad,2,7960,17417
b8b8dcb01de81da75c01ee6e1cac8c33684e362075f3dc61d40b1cf3b8935ea2,2,7966,16823
b8d2f657456f4dab03637b0f6c9b7102e662c1af1d38c61753e8069886c1a15a,2,7985,10014
ccc538bda8777ba9aa9319d3d9a27c4d2407abb24533de0f9dd113b8f6c6b200,2,8006,13590
d732a586dc93f0dfb8fe4ab6a99dde6186203aced94236d0c68144706e093bc3,2,8014,15130
ef8976fef3c952192be9e3af3234d13bf140283b954507dd948ec1c1d9ae0f58,2,8033,12216
40a3c158d5c7c2d41390f6dd51249affa33a3aa174a11947d4236d5944381a40,2,8085,18894
67a0f54c79ff15ebe4afa35765f430945dd5dc409c9281f402ad7966dee2a483,2,8118,13911
70e267e63725135272fc81a7e97a4b67cba48ba06218c2e0178c0d6fd4d5da3b,2,8177,19448
67073bd2b9aa0ad29c7758f008c154e80522a5cf096217619b781db917b93dca,2,8189,19034
9a68bdda067b6629ec95a7bfd3318e50a72d9025c8f6376177cc5542dad99d55,2,8196,20036
2e012e12787b96413a019987c98f5f24b7465583338706f5b820cb2c2b9bb1f5,2,8201,19797
ef9c3e8f64e8fb416b85e7ad7e2151688995259c675c231882ec6b5d1ef4edd0,2,8206,8554
e8d3d670e1fc07ed6fb050a8323d0eaca21344538a992012cb91dc8bfa1385e6,2,8223,16274
bb1e184a97b050f24487b9ee1cc94af5c72e52939f88f85d85f7f6e47c8ca50a,2,8247,14278
5b20400508fa29713f2fed6402b7062eef9da40de38ba11924bc0593314ccd2c,2,8790,11822
2e189705a61467adb4abddd317b43e2a611ce396ef30af47caf016f3365ba0eb,2,8371,14518
bd430d8697802d3a5318c36321f0b62a14dee0323a489d4f3c9dd3cba5744f49,2,8404,16908
6a3d2e775f202db2c355a068c1b8e84bca867c0c80cc44b5a0d895554abe6e19,2,8418,19625
0be854621862986632138413be715d6bbec8683b6a6783fc259eb0ec1c07afab,2,8494,16998
66589077624d111239098a79fd629513660c60c16c86220586855db888dff424,2,8520,14075
f6da370217c812cb80bdfdabbcc76d9762a1951f2824da9c0131661cde3708df,2,8580,16378
2dc7889be2c8650322c2f7684771506162744b6b6abbffb5ab3753fac33843e2,2,8628,10340
32ddc1da746c0080300f6de7a56097b8e45c4479b8fd8f070c7192d1ff66c587,2,8791,18102
a68eebe9b937c60ab55cdcb85fd9e6f3fab11834cb1c72b79f7a8dd87f6ae18b,2,8820,9658
4c576bfe025fc83c9bb1eddde0442ffe87414a36144da28a8b2c85ffa0cf65f0,2,8895,10320
0a7094bf67c74c63367a4bca12f4cbf7d36c751b98e9764c17ac65c637009471,2,8941,9478
3f81c223df9fa6d0d5326749319e9e4d8acbc9c473a72f896b8c921a042f6b4e,2,8950,15906
a9b6d8aa5917bd18c42b9cd906e4775cfe682fea9f66544e727ad8e56208643e,2,8963,22237
ffad35e62bd8a61f84bea15cfb93e83c2013651ad5a95d0a0c58edf5d6925032,2,9017,20259
0629ebed9ec8c6731f81a613440a877a5ad5a396d3747302203c673e6cbe5937,2,9019,21885
30f762cb79d1d4911227c7791dcceceb7a0f1276edd954567407e6d0021d29d8,2,9045,20431
3642f098f0a5ccbf346a94e52e50258b2f2d332eb09eb64c899e3a6f698fa190,2,9060,14147
b2c77386a4360fabe0e9489bb46dae90758ea629c70dea4e11aeb1c0c4a7a026,2,9069,11220
bdf34608f91e27270db669a23cda5646b16278f772715dc304f1fd91c55fc037,2,9087,15483
5a8806a095ff4334a9598573aaeec38910216dd1bd99eb46bc4a0b8fcb9bb28f,2,9115,18369
de9f16c4f95db3a9c57c0343f2aa4f4bcb246ea4ba24fe37890e8a7c1d079081,2,9118,18965
f4efe5b912b98a69021d18b623a9d0bdee05f5b07bc8a3426c7bc7a6646ca2bc,2,9137,16051
50ee340ca34c3a60d9951007a16c594439eea6c2986a0c13e66ffec4d75f536d,2,9139,16775
0b8eca6748185dfd25c91db70e46e888baf859a2e182a2dfe51d7fd70ae574c0,2,9180,16052
ed1671574e5b8e73e9c16264a3039a32ce6e4d0d500db3dda79f6c948d911d32,2,9211,20761
b1f8978319a42b921c8430357bc481b2e2396c2f63a0aea4896235b0cd5f6177,2,9213,12908
39b044184e93eac22e8c18b6e648cde8b96477490c5437fe7799e4fde4d86b76,2,9271,13977
3f6c81e1d3b0f9f9777e8d4a1e124ad1361c5bcbee0e3496dc984d282cbfa793,2,9368,11316
b89bb0bb5c1089fbbf4d796a6a656e5a3bb33e05e1e83b020d94582fc944ac4e,2,9393,13101
80f2e980da5091107387ac1cd87e8fee8cc394f76c2d2670d90c642debbe8b24,2,9493,21275
eda76c48129d154cdc66e476c689945a298aa55aa9ff05dde08940b6089808c5,2,9535,15834
0f221519a5c55944a4502990a3c29e0c83d66e7c40facbb0534d947f15f49db5,2,9553,18363
e554e8980ae3c1fbaaa3fa1b29199478391ae5f7a784b2b1e233742bc8fd4bda,2,9607,21913
ce1e954d5ae482cb2210ea43c4e308723bc95f7beb3260a44920ce37cb2d8901,2,9654,10732
d9646579bdb2427d852b24b16b72b052fae3af245496e225e3ff9ae69c1d4679,2,9710,11671
9e9e144069210937f37e99e7bebb0de0c90f3bec9bd75c7d12f4bf77e5103946,2,9794,17177
d1ebf3015ee6867fadbfcc92d0bc0ac43acfe67a0ebe17d5931ff4cdddfd6eb8,2,9811,21626
59f8344399bd2fcf08800c16ad7e2d0fc8aca74cab6f0bb04850b1e05ced1147,2,9839,10403
d814dd2791ca142a20f156cf3558e25a68fa8405458ef4722586a10b652a894f,2,9850,10839
52a1d68601aa11453fa186a1fb44cafa55a2b5b7c4dc8cfedd56956e546d9935,2,9858,15426
42ffb521d1090b45d0ee1933255455005a088d883d46883503ff6144bd6b2f7e,2,9873,10475
c704037fde15e7c61939a9d08652bb3a90d35c844477f5af6ec65ed0bac7806d,2,9916,17453
76e2f24ef7568909529e55d4a58d5919812b74ae54f0ed7e8cf8af960cb1dd87,2,9998,19772
98e553dc364ef05689b0ff67d852879a6db87b48d82a0363c54486939029387e,2,10020,12497
9e7d404662043ec2be47aff44c34840bb9c9e6921c702890bb7bc97a5fc9e5ab,2,10042,11030
dd5bad6667ac6df178ff160ea8b1cadbe7d9ceecf137c77341ebfae4c6d0e0e3,2,10043,16664
ae26e392e94e435e471ec21290e9efe02a00768c15af66fad4c5854fe786a63c,2,10057,11140
cea5373b4b545a0b65f3a7c080e9de923ebd08416920e945621d44ebf383bfe4,2,10110,11763
bd3f3a222cb5c48252cf6638adc76565af5256e643317ab9b49570f95ca9051a,2,10127,18579
aeb1fb2cf7d639ee8eb67531b91e9bd5940e08eac49364344946b8d5679198fd,2,10135,15173
ebe6d4fc5decf370f413adc0ab7f99aaf67f110a952734fcdb359232921c31e2,2,10206,18219
6dbf2cf4d934dcc7e5f16b7ac24c71966ede194ccd7d66c122a984ec437fbc5c,2,10242,17019
d4cae3c4b895945d1412fe9afae6bd83664100fabf5cb7e740dc0542fa65f4f3,2,10258,20146
a952295587ef71899eecca7c11f802592930f590c069f57d1202e361f863f11d,2,10270,15652
45413adf65b96aa555cacd53f2b923e527101bfc62587e92212b8e62654803d1,2,10309,16657
ae99fc20d630d90bf8e0595911d963e01787fbcf6bb7e2add2c37246f940fbd6,2,10316,12615
62338f65522d38aea523903268362cabe4aa6f74922632ea62685371ef66756e,2,10337,17057
9fd029d2f571c9085cf7681c6ec6fc54c105626d2cdf0f380911992de4ee9c04,2,10438,15863
38690c49f6e33d7d07265a491f39d943c816584bd0a3a3ac6d2c07d9d73a3da9,2,10446,19390
3c079d5ce72b7cf5f979784adb929863a5a9b762d3ea484503314173ab0f7e73,2,10468,17431
eb9d11293eca7d6b6e104a8dd2171d1c0cbdd82ba81a3b9c2b0d61c719bdf7ad,2,10473,21992
c0817629a7618d7f9718855d76ae55c4486fe872553e20a45dd5e3d5c06a49e7,2,10555,19279
57fd3811e4062dec36ed7575c01e3e9ebbda20b973cdbc81bd3d3374e3e71b69,2,10631,17157
7b9b2c63ff76dc6c15efd81f809e22aac41755d8bd042eb7836dc7dfa0f0bb28,2,10673,12918
9323f86724411958f3e683ffa1ba47ca8c429723d0f6e83395a1204c0a3bbd5d,2,10675,22208
0983dce2cd72e2c24eb9d97a4f0f66067d64c5f009c33ea8bc501756609b9305,2,10693,11764
911e3d52f9d477164a82b560cb35ab8b1d943a07ac47b3fad5957b5c350dee06,2,10701,20807
e389a00cd33bb601039c325ccfcbbbfcf9b9a6b4b87a27755d9704f6dd6e809a,2,10854,10924
e44ea33cfc28d1a3658a8a34dfcd5f2abce20351d5849a31863b351e37b247bd,2,10874,14787
c2f420065c1fe3c785bd90b6b37b6242bf89a4d81674d67c350072b9d41201da,2,10960,20621
b922f4a56e9800f504d6a86e299b04b3e28a218cc3d20cc7b62a9b64a3ebe593,2,11017,17821
d713957f5b346f3a28622dca93b2b788eb3a8444f3d658e1648e44120d8dad74,2,10990,12100
f1e3e8d14cbc71e3c70c98401c6fb4b12926249aa2b4fb5aa8b4267cd1e873a3,2,11058,21508
6ca4395527903c4acc380490c7c0758715b205f1b436f7492b2b3f9b7fb166dc,2,11065,21617
82fba9c0ee33c7160ff84e1662b811ae1404b6056b89803a989bf148ac91355c,2,11102,16058
153e8ce45cbf9a79dc2e9cf814e1b41f5ce8bd3e03c9b81d03d7dfd3a720eda4,2,11154,21831
5f7ddaa99e24a0e3d071031ed9e9caae1869adbcd02c872d3527112dbaf19b5c,2,11155,14569
40230e7996e605651baee940c8c408f0888a547ce23fe9466366088ac8b20392,2,11207,15575
d4160975861616dd9f901f7ced81fdbc14b2050422989d92910fbca8dddadc21,2,11215,18061
f7642e836d4e1615ef8a613b69efed596250fc6d7b75b4f10f5973d67fa3a741,2,11320,14669
4912ec2f60ed6bd5c9e2a7114f06dfe66ecb483ae1b63ed54d64abca027c8c60,2,11322,17720
2c80cf85c4530dc051cfbfb4633825f5e3fd034390fd1af8c04d01e48b6b5bc6,2,11414,20629
605dbff8537fef31d11d67947d89170bc969a835a6b827cd0c2f1dd5a30f61a3,2,11438,12860
1a0bc91fa6ac0243e7bd4c6ed588eb99faa58754dd066da616b6102bb141b7ba,2,11468,11816
c9245299ce9213904d63e15e5e4d0ef682c32f9ec3eb7a483dece04110d1aa28,2,11482,20853
61dbb4dfae9af36541749915665d419ca84933d48f4ba58272b3348186a61bf7,2,11553,16014
fdb21e6932875f7d52b1d7fa2034d7fd5406a2669ab2e9739f4f913aa7a8a245,2,11682,21656
944920bbedd297f8fe866c7f9a5686b5786298eb58acccbd90857c41e6a7c987,2,11695,13221
9f75c16c5f95b48dcced2fba829567d106df9d7600013b564510da89d11a8df5,2,11772,21365
d605d24bd854cf86a97e7bd73fb6206c5cec2cc441bac2df00c90e55b660c2b5,2,11780,19695
bd52397c4cd547d297e3ba0882f3b4515fbaf3ced1d43c5735475e6ba58273c9,2,11847,14807
7eb3d08fa26e0abf2ef00b5831f581598c70ca075c3ee909f12d491cdf545d36,2,11898,14931
cffe6a4770eee2419a51b769c0e3f9ea4da224de26367e21fad9f70cdeb02c72,2,11908,22063
850fdc087982f8690ac9129cbb2d67baacdbe9859624c5217a92cf95e76bb497,2,11909,15564
d50952684531119e0953591408c0f2630f2a2fa6060f21d903a307f068c51f06,2,11955,14920
51dff621416986f9eee380304d61cd59944df37db25d55d8a8f04f6f7a665527,2,11962,21971
26c5a541e45d5c55db182f7a4f63cad379416a717b591d5412d7104a1b9c0f31,2,12017,14043
8df10e061c1d8d5387d63ac288da9c9d5b3459d0f8eee50902e6f481acb91934,2,12091,22308
4347be938f0a866e4bdce8de4e87309f16610e3cbef0ca6aeaa1e7c1bdb121b8,2,12093,14969
7b224e27b99ab38ca8c91e6f5f18af508e7d9bfc06a73d3531c820f81df6106c,2,12097,20140
19b3757624c82e3054b7325b70299f878b3ff968eeb1bb303c73e415b91ba45f,2,12108,12299
846f9c277105bb57ab3ab1a25bb33d75f4e75f7b62f7168179234c7d4a0d10de,2,12241,20353
accfa4e158c13304793e5c48b3dea3b2f377cb97c430b0d31d940b4248407151,2,12302,20655
a081f500d2ab61bf77951418357728f946cdb12e7c8216bd4ecc048b91d77097,2,12328,15513
9fe78d58df0c65c8e9a1e24aa7e44b50b464db937e6eb13eb5cb301a80ca3339,2,12358,12975
c169db016687f94c30d9ff1b461bd514f8edd40bd5384dcce1ca0e5d90f79762,2,12365,17778
adaa0cfbed9ed43dc70b8b8a84a2483066978776d6b5d77fcfab2885a025df42,2,12417,14829
33bda27a825a690a06b8f1c1e36997b1ecaacc57ac548361749cb8e4148022de,2,12744,13227
50d0b3a970bce2da7e1e0dc2db9ea6deb27a99f06ac1e09002b667884dca7a71,2,12528,15493
8404221a2da02ef94e73fe4b8b2ce066a2c874a57203ef20ef23cfbf88a59082,2,12553,12974
4d8069f076615fe0308e3fec7d5d18e83e7edbfc116caf4c905eb9ecaf5c2a8e,2,12602,14744
ee412cfaad891fd967f77c43095bcc953a33f49e18e00281fb6aa55a615646af,2,12625,20311
984cfc8c222b2e1850390b3b11fad184ca61d4f37178f00b332a3a5475376f96,2,12648,18152
7e0b6800199c5ed7aa327d592dda91ebde5f3054e70b8b944b26768a527a58a7,2,12661,17411
16b3ae309c940346a498231b406f7e4b75156ee3c8459cf96beb9812c577a580,2,12683,19148
ec96dd6f7680d9bd00ae40bc97b20a18a22220a685dad301be37fcff43be9ca4,2,12709,17407
45aed68bad24a95fd8a8ba478fd07810496bbd8420ad02293af85e7ab0faa0b8,2,12795,14381
479be18166bfaa4dc3dbdcb912546c75b8373e36999764d8d90ef1a0cd39c874,2,12987,16070
610e983d448d98e3c3641747b95a1e8625d6bbdd8cf567edcf47df0761ceaa6d,2,13052,14222
5df0f31a60bb4eeaedf7752c574e81137b494715437e5745c1506b366bded174,2,13080,17843
23aa4c65e6276ecc825915f727b62e87d909a2e7c9b43315adcf5c820714d430,2,13123,21101
ceb3b07d1b9cf0ec3926d5f5043218548b9a05cf7f7df2d3636796f905420e34,2,13149,22230
5f780b169f6279303a16494a475248c0d9abe0bbea2aa9a0c53dcb5947d3f23a,2,13154,13264
113da1653ada1b0579333b33d748dce2eb957d9421ef240924e943a16efd91c6,2,13171,20210
49b5fecf85a286b228096762dffa92116e9a46013a24cf8b4245fa4fb9b84911,2,13196,17943
1b8dbbc1a6313ee9fc3443e1e20fd50e8716d1d4cd84aaecdf17b5c37d94ede0,2,13201,16559
3a1c28584e34f5cd41d3ee0bcfbda3b9d25a5ee319ee50899d56b26ea2e95539,2,13220,16722
d24691f8a7cf5b97b28036c0f582d3744557c939c5b74403d6d663db309408b5,2,13236,19765
c21e4368589b061c9e34b45cfb8edf9bf279812bb491c7f94672941693a85b03,2,13252,14471
acfd0a307cb8b540fb984a60c89ea3165eae18919731a82d1adf3a5845ad89ad,2,13568,16308
19f9c4a61ed91287cc863d7ca82e859e39782aaf86b076a28df11b98018ef48e,2,13287,16432
04863efb4837aec9ab3d1d73962cbe9859a21b017144efea9e1a663aedc25430,2,13316,13650
5aa026dd10c8ba2d049fcd37228664185ff53932777c883c36bc9dce624daa2d,2,13365,18858
dbc05df0f13fe576f547620cf1c67c8bcf93d854b1958f741339d2c41b3363bb,2,13448,15326
7262e2c9486a428446f426d51de9ae07834a5d73d55db4f47d223216825019ef,2,13526,17654
a9c5e3eebce788476ec14c65fe08bed3bd0d02917c6bb0bde30a3df78fe30656,2,13543,20509
a28f8e4077ba63a26419c03f71952b2acb9e712ea2d7fcedb19b075ad9e5396c,2,13550,18095
f5c1d51f2dd766f257f0a3853cce7f94cf383c1dbe6f9067348d58e28b7ad2d2,2,13569,21390
0d67ba8508a4e89e2b4d73dcb93745d030837230a959371455bc30da26b346a2,2,14247,15129
a99fce6ed667a9f14f898b08e4bbddeba6e38ada682ba836a93c2e4a10fb86f4,2,15028,15083
44739af383de1f40e2fc63b38051e2e4a508d56d859408aee343df12c93f8309,2,15270,15935
a2d9f9293d81fa2014cea30f3bcc0af6b5277e0f0ee5a0166553f675e6d88f96,2,15212,19905
895b5a4640ffc6ae6d1c8e488d8d07c9f9bd7fd6187e2fc0c16d952129824774,2,16439,16665
ff060a88b2ca07656cf7ad24aa1916e457cdfeabd46621cc366c6ccd33dde9ff,2,16232,16442
09e93e2d395e7b421ab967a41d05530067f7595b66f6bad1accbdfa12b1bd1c3,2,16619,16661
c10d57c1c93d808b9482d80ccb2207454f61ccba013d1b26cbca3c6e782cd571,2,15380,16416
3d0ffb57b6b50082a6473370d6bc475cf395d4a320614ddef08686760c8ca173,2,14445,16776
376f45ab945126073a7ec51986696add3c15b615f36cfdea49e160fe18a0aaea,2,17067,17478
89150e31215f7d989ccbfbb491e627afc7342ebf74e0aa8f9d8e19b8a93e2c74,2,17583,22087
0a9b59819e858c99691ed6801570b57bb07f24a7af2ac279b3f2a943fdbe930c,2,17675,21857
57ad4dcbdcded0199cdb584e73482d3a260e51fb2704d4de153061e3141fcb52,2,15407,17476
10ed4d6a8407db09c6f155dc90ce66b459db93644a869d2b79ae1b9175e6742a,2,18353,21454
0dd2e334ba1a5eb3a5950281210fd30768516c6c4a245efed6fda48f14b617c9,2,13591,15230
86903b7860c4f59933bc3715d91fc2023c39246a38e1612f309a67bd733ed66f,2,13710,17645
9cbfa75f511970cc514dcf3a0d720838af31156f14e62d6beaf4949cbf33e19e,2,13784,16714
0da0ff60cd7f6cc4ebbdd6ffd2fb406e74fd8cd29277c97c3747de7b3496b2b7,2,13810,21604
731c18eb575f8834b82125ec64c990a3c3a6f03595405bff7ec55edc9b253281,2,13886,18812
064432190d6ce10ee87cfd6efcc4a159be09b7ff80171c3f6b13796f2bca7b13,2,13897,21455
1ad2f4996c9270e29ce878f0eeeb246c54125108ead15706fc561db07914e81f,2,13930,19067
e924f0e31cbdddcd356cdf24f1f68d5a8ea176114011dfd8942e91f3719848cb,2,13953,21232
dd791585c30579d33f80fbc07ff5b37feb38eeb18d41d8da581c1f1aaa4d2e65,2,14122,14792
2f12e0795a9f9c17bb1cbe9a5863aa1e669de22672de4863082a30d4275127d0,2,14217,14390
0c7f509f58488ae7255d91bd2f6c2c922ea79a4e7cba9550f76973e43cca1063,2,14283,14536
0dc7b92091579427669c13339e20e6f49b105cff120a1c8cb80b1511884e4d86,2,14340,16038
0ba68822a47bb1fc43df08ce00fa4944d4ac764f5328492500408016277d13b1,2,14413,21234
767211db77a2999fa22085e0ffbfab277e084dfdb2d6c43d327be6bffbd3ff45,2,14542,20240
b08af04dceeb6f5df001915ae2ab172aedc38f3f40eae91ad72e1fda18e4fd9b,2,14585,22015
555f942bd2264105e3239a79b56df400f30b17da1edc44e432affeb05dc8c848,2,14648,18487
3babc9ecd74989338288ae7c4a0b9f747cabfed075f3f9e89d257894db5dbc58,2,14678,21798
756b85aea57d4f50f8230c07163979163c0cc10219457ba3282a362ad842b6e2,2,14742,22037
5da57a6d1612f9270f5b781988c7934b446f6164c0bf6bc243ae07161baf74be,2,14800,21336
c59d0b68d7a7ddd9bb6420d67c24d7accd5cdba1adf2c43bebd30290c12cf6ff,2,14895,19271
e5e5b00377e4950c2437a683583855c1f28cfe3dae2b7a4676ddd74a64558198,2,15117,20347
5a83f3079da518abcabb73088dc7d6c0aacedd1bc8cadeec8600e373a5938a8c,2,15157,20935
aad93b075def64343ee2c75198506121a406e7d2866ed1c848ab6e8a33163f4c,2,15209,21242
0132fc810e5aca67038c4d2027f32612e74e042c194c180af70ceb32290a1b2a,2,15306,18725
cac7ef6dada975cf1c926a1ac87fd8d840ca3eea494986b9a9239a44af54bfc3,2,15450,16357
2de3ab079052eb0803e92e461234844ae67ffbf668fb2f97264e705471d34bd3,2,15465,15510
c712250e26433e0267d91d2a7e5e8092e6dedd90171c87a4c11ae684d0b74697,2,15613,21609
21f9be3df6e6d910bd938b796d1da53e1032f6299f7e0352e583806b20288e96,2,15623,22266
7d68e0d39606b7d854128cc31b9a64e08f035eb3a613fa31367bcda135290315,2,15716,21646
1bf64f01afbff3785f0dedf105cd08d5bc81ab8225d4931f47a53965361af31a,2,15901,21680
4a93f75d4edcf64a47e1f2493f110b1725813fc38b6237146c6e2abea72987a9,2,15927,17121
146d1ae633836c72e62b41b5af935100afff67e27d56e41c245aafd0e8ce2169,2,15943,20554
17c9d01e53f8a9dc3d78957be783bd08f4d4961d0462edddb3b087a3bc076c60,2,15993,18975
2113de2a8f47e49b228a0e00777aa21a02677151ca044edb3a6087236fa1cc4c,2,16096,16373
934308b7e450bc193d79c7cd9cc611c9351d673b3a9b5de154446d39cba9c761,2,16199,20996
6176f009164e1b4829b2469c1b5eb839fcd1d58a5903d982e8862f8523ccfb98,2,16635,18947
01efba4b5c1bc7ea007fe6521228da28389bb29de5bc927353bfb681e574446e,2,16304,22074
015f9e45ae33fc960aa89cb5c1e1203ce4212457981156048ed018db71d14e12,2,16343,20112
d3fd12a005a9dd353845ea72f89c00ad97d5310bfbf494606770a6e7c116c71a,2,16359,17198
792afbef443c356fe9098ed90cb9334e4c15a51c444c4d59d16268111b8e429f,2,16525,20127
517b3503ab04d77403fa555e05ecba8218f55f963d55a7f74de4c9c2f03aad4b,2,16596,19788
cf0a3ac64c5014ab1c4a5fbac33cb1e3c89c230d875f011551ec7ff9085941d0,2,16666,20075
2775974fd518d4b43993297b92fc3946e73162b0075327cfda026e1ecc4b2c43,2,16765,18790
0698740fb04dff1b517399862c8c47d062e52ee45d98b5bfc57a2339210ce4e6,2,17017,19101
ad844efd6cdd2dd8b45fa6fd22985f5453437835090cf5192480e02ea147c287,2,17090,21657
26978d362c76ec3856242f0416893c246bc7da7a599a0193d78bd21f8773e6fd,2,17307,18532
d58d6d6c1e895fcbdfaf1f698c7fd1b61c37b4bb4f8c6f6f0a3a40ad074b9481,2,17524,17553
d4544b75208c21485b82c7616a4a5b0b5a3e277c355078712c24401b1eb75190,2,17582,19869
f1e91ae4cf99267ce1a2e15e63bf0e33e791ee7370ee880eebcf386861be4402,2,17800,18639
0ee59f7d050fe66e7cd0f84cdcf0443d1aa47e0e9c1e3847eca7e454df22c7f4,2,17818,21695
9b963f95e387cff22c681da3e6f8e493de67f038280a9b365a3caa82c83e78a1,2,17827,18258
88e53647310002ebb23412bfdea75be330f436400eb4449dec0c7e3a41cdbe36,2,17918,21633
9238304f2435caf75211b2790e11e6459024949acbaa123e5d786e6bfa5da6a1,2,17973,18364
c5ed52148231a377f689dba68993868e4665eac83fa9a1cab4533fb11eed9392,2,17997,20275
7e127af117bab2875bb479a056e7394afd2949c2372840c4847b7d306289af33,2,18301,20989
8576617ac7750019cbcc125c903e251eb7208bcfbad93ffcf73fc9b1528f4a69,2,18373,20419
e35122271b36f7904f8e200d5d03ee72b9b5c3efadd8001d7f9d30c315f604c3,2,18468,20928
8bbff2e959bf0228d07bc61164cc5cb85490c82c7ccfc7ea93fdb9bc78c30342,2,18590,19607
4f76fc6d3821a85400df14c2b3b9780c98b00bb4967240486685180dc307b71c,2,19225,19535
0befdf9942220bd6341ba4c58fd977798ae5dea86f4e00369934d27751654169,2,19493,19850
200dcba5a0c836b6ae61fb9144a6dc8d8405e461b070d0f30a176c63fd9c65be,2,19951,21778
645e24157c9f76196a64ee27fea96f7fc820d328b6334f29d8bc35f98fe238f0,2,20207,22137
3843165e497685852873319be68cdb5379915cad696eb5272a03c92e698f6867,2,20315,21322
6e3d17b716dac0747708d58c4ea633231cc26360a14a78ef411242daab4b0449,2,20462,21466
7e6be0060545fc83c78514a1dcd4e5bd60bf10ea15e4a2fc6b44d6f55ce07323,2,20524,21581
253d12a71c428b3ad91b106406722b4af5e005ee233ceffd63ebca316711a70a,2,20660,20754
f598711de5c5bf29b8b5c31714b9c9d6cb593359a25055eebff8c6b4222a0c57,2,20708,22038
33d43bf2f5479f94a26b2ceedc08fd03b76e20bbe884e3ae01b2a5f81e56d9ee,2,21333,21625
1a470322f73d08ac3613a84d8962e53d64ba5764b71e694001c5afb0c934fc8a,2,21462,21557
533284e48ac88a7e86806cbdd7f90c06865d1515b1779e41d8e1c5d3baf5d078,2,21796,21883
6aeab3e381880e3e0fe4e7774aac0c411e42e07e731c0d89e20cd4bf9ea46575,2,21809,21894
23487f154010fdfd02391ca3f0b49fd6295e548f231be273fb9f5ddd2be6bd9e,2,21820,22168
fa892b8946f576d2fae7cb304bb54c269682904bd4c5b32c399de68e7167a153,2,21899,22248
769c7bbc2b5b42f37b79a245e693c8f6d3da2df95d9f16501babd951f53dabcf,2,21919,22226
c29a7efe8ae38fb64b3cd73be4689a21f41f22fe5d5ce6844a6c31998becdb8f,2,21953,22052
1bac3c4cbb68b700dd2464997b7e5abcc8b05a012fa2a2f49e8872d57203bede,2,21969,22143
dc8ca014eb741e83330d54b9a6897df9cbaea547d1fa0c79db6eafcfe30f0418,2,22033,22043
